hospital,canton,delivery,year,cases_c-section,cases_kidney,Reg,Uni,percentage_c-section,to_delete,Doctor,Doctor_in_formation,Nurse,Other_Nurse,Total_staff,Operation_rooms,Delivery_rooms,Private_division
Les Hôpitaux Universitaires de Genève HUG,GE,4048,2015,1196.0,35.0,RO,1,0.29545454545454547,0,1676.08,,4200.28,983.58,9936.21,38.0,7.0,0.0959
LUKS Spitalbetriebe AG,LU,2988,2015,982.0,,AL,0,0.3286479250334672,0,,,,,,,,
CHUV Centre Hospitalier Universitaire Vaudois,VD,2909,2015,963.0,52.0,RO,1,0.3310415950498453,0,1586.9,,3263.07,1578.87,9413.29,29.0,6.0,0.0726
Universitätsspital Zürich,ZH,2839,2015,1226.0,83.0,AL,1,0.4318421979570271,0,1205.53,,2207.53,1049.24,6431.54,34.0,8.0,0.20129999999999998
Universitätsspital Basel,BS,2509,2015,912.0,80.0,AL,1,0.3634914308489438,0,877.81,,1676.8,610.12,4764.8,24.0,5.0,0.2175
Spital Thurgau AG Kantonsspitäler Frauenfeld & Münsterlingen,TG,2338,2015,600.0,,AL,0,0.2566295979469632,0,351.83,,996.58,300.13,2072.62,20.0,10.0,0.1521
Lindenhofgruppe AG,BE,2241,2015,847.0,,AL,0,0.3779562695225346,0,,,,,,,,
Hôpital Riviera-Chablais Vaud-Valais,VD,1969,2015,510.0,,RO,0,0.25901472828847133,0,,,,,,,,
Stadtspital Triemli,ZH,1965,2015,760.0,,AL,0,0.38676844783715014,0,387.23,,939.31,227.48,2279.04,11.0,6.0,0.1834
EOC Ente ospedaliero cantonale,TI,1866,2015,516.0,,RO,0,0.2765273311897106,0,666.08,,1739.7,448.2,4281.21,22.0,9.0,0.1916
Spital Zollikerberg,ZH,1838,2015,736.0,,AL,0,0.40043525571273125,0,107.77,,359.84,60.65,716.23,6.0,5.0,0.3069
Kantonsspital Winterthur,ZH,1764,2015,569.0,,AL,0,0.322562358276644,0,457.03,,1267.74,311.02,2696.62,15.0,6.0,0.20309999999999997
Hôpital du Valais - Centre hospitalier du centre du Valais (CHCVs),VS,1649,2015,333.0,,RO,0,0.20194057004244997,0,335.16,,1048.2,205.63,2120.85,12.0,5.0,0.0435
Insel Gruppe AG (universitär),BE,1639,2015,681.0,40.0,AL,1,0.41549725442342894,0,1229.17,,2594.96,869.81,6764.86,34.0,5.0,0.1663
Kantonsspital St. Gallen,SG,1619,2015,647.0,14.0,AL,0,0.3996294008647313,0,810.73,,1868.56,518.95,4595.67,27.0,5.0,0.21760000000000002
Kantonsspital Aarau AG,AG,1616,2015,472.0,,AL,0,0.29207920792079206,0,587.71,,1389.11,358.01,3299.5,17.0,5.0,0.17329999999999998
Kantonsspital Baden AG,AG,1607,2015,528.0,,AL,0,0.328562538892346,0,290.71,,756.72,202.5,1761.38,8.0,6.0,0.2054
Réseau hospitalier neuchâtelois RHNe,NE,1501,2015,408.0,,RO,0,0.27181878747501664,0,,,,,,,,
Hôpital Jules Daler,FR,1483,2015,458.0,,RO,0,0.3088334457181389,0,0.0,,142.96,8.81,224.2,5.0,4.0,0.1338
Spital Bülach AG,ZH,1420,2015,462.0,,AL,0,0.32535211267605635,0,127.6,,390.42,84.46,822.11,5.0,4.0,0.1732
Spitalverbund Appenzell Ausserrhoden,AR,1414,2015,349.0,,AL,0,0.24681753889674682,0,,,,,,,,
Solothurner Spitäler AG,SO,1324,2015,453.0,,AL,0,0.3421450151057402,0,334.75,,894.75,345.76,2329.26,23.0,10.0,0.18280000000000002
EHC Ensemble hospitalier de la Côte,VD,1320,2015,368.0,,RO,0,0.2787878787878788,0,137.29,,441.8,67.46,946.0,6.0,4.0,0.09210000000000002
Bethesda Spital AG,BS,1281,2015,510.0,,AL,0,0.3981264637002342,0,33.7,,201.76,89.43,457.81,6.0,4.0,0.2968
Kantonsspital Baselland,BL,1234,2015,352.0,,AL,0,0.2852512155591572,0,457.29,,1150.53,423.07,2924.44,18.0,10.0,0.2061
Hirslanden Bern AG,BE,1137,2015,414.0,,AL,0,0.3641160949868074,0,72.94,,557.9,100.33,1149.66,16.0,4.0,0.2865
Spital STS AG,BE,1137,2015,327.0,,AL,0,0.287598944591029,0,,,,,,,,
Spitalregion Rheintal Werdenberg Sarganserland,SG,1132,2015,285.0,,AL,0,0.25176678445229683,0,194.72,,484.61,156.63,1151.67,9.0,5.0,0.19149999999999998
Spitalzentrum Biel AG,BE,1031,2015,245.0,,AL,0,0.2376333656644035,0,,,,,,,,
Spital Limmattal,ZH,1011,2015,350.0,,AL,0,0.34619188921859545,0,148.27,,342.95,138.01,894.46,6.0,5.0,0.1855
Kantonsspital Graubünden,GR,1005,2015,376.0,,AL,0,0.37412935323383084,0,278.18,,660.11,218.19,1641.08,12.0,5.0,0.19879999999999998
Etablissements Hospitaliers du Nord Vaudois (eHnv),VD,1005,2015,293.0,,RO,0,0.2915422885572139,0,144.95,,717.85,92.52,1348.69,10.0,3.0,0.065
Spital Uster,ZH,921,2015,277.0,,AL,0,0.3007600434310532,0,131.15,,422.66,94.08,881.87,5.0,4.0,0.19469999999999998
Zuger Kantonsspital AG,ZG,888,2015,256.0,,AL,0,0.2882882882882883,0,121.78,,338.68,116.56,766.79,5.0,3.0,0.2407
GZO Spital Wetzikon,ZH,873,2015,245.0,,AL,0,0.2806414662084765,0,98.4,,298.79,62.95,662.58,5.0,4.0,0.1459
HFR - Hôpital fribourgeois,FR,869,2015,246.0,,RO,0,0.28308400460299193,0,448.11,,1066.6,254.25,2476.48,17.0,4.0,0.1255
Clinique des Grangettes SA,GE,842,2015,335.0,,RO,0,0.3978622327790974,0,,,,,,,,0.9297
Swiss Medical Network Hospitals SA Clinica Sant'Anna,TI,835,2015,331.0,,RO,0,0.3964071856287425,0,,,,,,,,
Hirslanden Klinik St. Anna AG,LU,827,2015,357.0,,AL,0,0.4316807738814994,0,,,,,,,,
Hirslanden Klinik Stephanshorn,SG,824,2015,418.0,,AL,0,0.5072815533980582,0,22.99,,169.81,56.83,359.49,5.0,4.0,0.2969
Spitalregion Fürstenland Toggenburg,SG,798,2015,245.0,,AL,0,0.30701754385964913,0,97.07,,277.82,104.75,633.88,5.0,4.0,0.1263
Spitäler Schaffhausen,SH,786,2015,271.0,,AL,0,0.34478371501272265,0,130.12,,409.67,148.93,919.07,5.0,2.0,0.17329999999999998
Clinique Générale-Beaulieu,GE,760,2015,260.0,,RO,0,0.34210526315789475,0,,,,,,,,
Hirslanden Klinik Aarau,AG,748,2015,359.0,,AL,0,0.4799465240641711,0,12.25,,317.66,73.78,570.78,7.0,2.0,0.4725
Spital Wallis - Spitalzentrum Oberwallis (SZO),VS,722,2015,195.0,,RO,0,0.27008310249307477,0,128.87,,407.12,75.63,841.21,5.0,3.0,0.0632
Swiss Medical Network Hospitals SA Klinik Villa im Park,AG,664,2015,267.0,,AL,0,0.40210843373493976,0,,,,,,,,
Asana Spital Leuggern AG,AG,649,2015,215.0,,AL,0,0.3312788906009245,0,,,,,,,,
See-Spital,ZH,642,2015,217.0,,AL,0,0.338006230529595,0,,,,,,,,
Hôpital Intercantonal de la Broye (HIB),VD,638,2015,141.0,,RO,0,0.22100313479623823,0,81.66,,270.19,67.28,593.63,4.0,3.0,0.057699999999999994
Hirslanden Klinik Linde AG,BE,625,2015,232.0,,AL,0,0.3712,0,,,,,,,,
Hôpital du Jura,JU,620,2015,111.0,,RO,0,0.17903225806451614,0,108.43,,586.87,162.3,1240.74,5.0,3.0,0.0824
Spitäler Frutigen Meiringen Interlaken AG,BE,618,2015,196.0,,AL,0,0.31715210355987056,0,,,,,,,,
Stiftung Spital Muri,AG,606,2015,177.0,,AL,0,0.29207920792079206,0,,,,,,,,
SRO AG,BE,598,2015,222.0,,AL,0,0.3712374581939799,0,,,,,,,,
Klinik Im Park,ZH,592,2015,319.0,,AL,0,0.5388513513513513,0,24.87,,275.98,42.53,516.04,8.0,2.0,0.8521
Groupement Hospitalier de l'Ouest Lémanique (GHOL) SA,VD,591,2015,208.0,,RO,0,0.35194585448392557,0,,,,,,,,
Paracelsus-Spital Richterswil AG,ZH,588,2015,109.0,,AL,0,0.18537414965986396,0,,,,,,,,
Regionalspital Emmental AG,BE,574,2015,153.0,,AL,0,0.2665505226480836,0,122.5,,337.36,126.42,804.6,6.0,3.0,0.1052
Hôpital de la Tour,GE,564,2015,205.0,,RO,0,0.36347517730496454,0,42.4,,379.5,95.7,783.26,6.0,4.0,0.9319
Spital Nidwalden AG,NW,534,2015,145.0,,AL,0,0.27153558052434457,0,,,,,,,,
Insel Gruppe AG (nicht-universitär),BE,504,2015,194.0,,AL,0,0.38492063492063494,0,,,,,,,,
Spital Männedorf AG,ZH,501,2015,168.0,,AL,0,0.33532934131736525,0,70.44,,245.13,60.13,576.82,4.0,2.0,0.3039
Hirslanden Lausanne SA,VD,497,2015,240.0,,RO,0,0.482897384305835,0,10.93,,331.63,77.79,670.67,9.0,2.0,0.6868000000000001
Gesundheitszentrum Fricktal,AG,481,2015,215.0,,AL,0,0.446985446985447,0,82.9,,260.82,65.55,558.44,6.0,3.0,0.23399999999999999
Andreas Klinik,ZG,470,2015,249.0,,AL,0,0.5297872340425532,0,0.98,,108.73,20.86,212.5,4.0,3.0,0.39899999999999997
Spital Lachen,SZ,464,2015,152.0,,AL,0,0.3275862068965517,0,74.53,,197.49,67.42,482.7,4.0,2.0,0.18969999999999998
Spital Schwyz,SZ,458,2015,107.0,,AL,0,0.2336244541484716,0,53.28,,259.84,30.2,467.74,4.0,2.0,0.1894
Spital Linth,SG,442,2015,128.0,,AL,0,0.2895927601809955,0,76.01,,157.35,40.54,389.85,4.0,1.0,0.1413
Swiss Medical Network Hospitals SA Privatklinik Obach,SO,378,2015,174.0,,AL,0,0.4603174603174603,0,,,,,,,,
Kantonsspital Glarus,GL,375,2015,142.0,,AL,0,0.37866666666666665,0,66.98,,170.88,71.07,455.01,2.0,2.0,0.1264
Hôpital du Jura bernois SA,BE,371,2015,105.0,,AL,0,0.2830188679245283,0,83.41,,157.77,94.2,510.24,4.0,3.0,0.1096
Spital Affoltern AG,ZH,349,2015,97.0,,AL,0,0.27793696275071633,0,,,,,,,,
Clinique de La Source,VD,329,2015,171.0,,RO,0,0.5197568389057751,0,0.0,,200.73,61.43,442.37,7.0,2.0,0.7833
GSMN Schweiz AG Privatklinik Bethanien,ZH,321,2015,177.0,,AL,0,0.5514018691588785,0,,,,,,,,
Kantonsspital Uri,UR,282,2015,86.0,,AL,0,0.3049645390070922,0,45.27,,190.23,56.83,406.68,3.0,2.0,0.2692
AMEOS Spital Einsiedeln AG,SZ,276,2015,76.0,,AL,0,0.2753623188405797,0,,,,,,,,
Kantonsspital Obwalden,OW,274,2015,66.0,,AL,0,0.24087591240875914,0,49.47,,143.85,62.67,375.79,3.0,2.0,0.1334
Clinica Luganese Moncucco SA Clinica Santa Chiara SA,TI,241,2015,86.0,,RO,0,0.35684647302904565,0,,,,,,,,
Asana Spital Menziken AG,AG,189,2015,76.0,,AL,0,0.4021164021164021,0,,,,,,,,
Regionalspital Surselva AG,GR,183,2015,46.0,,AL,0,0.25136612021857924,0,26.52,,81.87,30.26,192.81,2.0,2.0,0.1427
Spital Thusis,GR,180,2015,35.0,,AL,0,0.19444444444444445,0,19.21,,61.09,15.12,132.52,2.0,2.0,0.1277
Spital Oberengadin,GR,180,2015,41.0,,AL,0,0.22777777777777777,0,41.06,,93.88,28.43,265.74,3.0,2.0,0.2729
GSMN Schweiz AG Privatklinik Lindberg,ZH,155,2015,81.0,,AL,0,0.5225806451612903,0,,,,,,,,
Spital Davos AG Akutabteilung,GR,128,2015,54.0,,AL,0,0.421875,0,34.78,,93.69,38.24,256.72,3.0,2.0,0.25730000000000003
Flury Stiftung Spital Schiers,GR,111,2015,28.0,,AL,0,0.25225225225225223,0,,,,,,,,
Center da Sanda Engiadina Bassa Ospidal d'Engiadina Bassa,GR,52,2015,18.0,,AL,0,0.34615384615384615,0,19.62,,28.93,19.65,110.61,2.0,1.0,0.23420000000000002
Centro Sanitario Valposchiavo Ospedale San Sisto,GR,31,2015,6.0,,AL,0,0.1935483870967742,0,,,,,,,,
Les Hôpitaux Universitaires de Genève HUG,GE,3955,2016,1189.0,38.0,RO,1,0.3006321112515803,0,1749.46,,4286.0,1023.27,10230.49,38.0,7.0,0.1012251632
CHUV Centre Hospitalier Universitaire Vaudois,VD,3133,2016,962.0,56.0,RO,1,0.3070539419087137,0,1617.09,,3324.91,1598.4,9593.28,29.0,6.0,0.06945987083
LUKS Spitalbetriebe AG,LU,3076,2016,1090.0,,AL,0,0.3543563068920676,0,,,,,,,,
Universitätsspital Zürich,ZH,2820,2016,1281.0,89.0,AL,1,0.4542553191489362,0,1234.19,,2343.63,1050.1,6660.39,35.0,8.0,0.2107740711
Universitätsspital Basel,BS,2612,2016,914.0,70.0,AL,1,0.3499234303215927,0,895.5,,1643.02,720.46,4892.7,24.0,5.0,0.2162362841
Spital Thurgau AG Kantonsspitäler Frauenfeld & Münsterlingen,TG,2435,2016,665.0,,AL,0,0.2731006160164271,0,375.85,,1025.68,307.41,2146.71,18.0,10.0,0.1558678395
Lindenhofgruppe AG,BE,2362,2016,844.0,,AL,0,0.3573243014394581,0,,,,,,,,
Hôpital Riviera-Chablais Vaud-Valais,VD,2079,2016,520.0,,RO,0,0.25012025012025013,0,246.39,,820.16,160.97,1744.9,17.0,7.0,0.08574055257
Stadtspital Triemli,ZH,2037,2016,771.0,,AL,0,0.3784977908689249,0,408.31,,965.64,236.22,2413.14,11.0,6.0,0.1877593779
Spital Zollikerberg,ZH,1983,2016,785.0,,AL,0,0.39586485123550175,0,118.06,,380.16,65.52,767.48,6.0,5.0,0.3016487059
EOC Ente ospedaliero cantonale,TI,1832,2016,469.0,,RO,0,0.25600436681222705,0,692.9,,1729.86,470.37,4339.64,23.0,9.0,0.1886258928
Bethesda Spital AG,BS,1806,2016,681.0,,AL,0,0.3770764119601329,0,49.68,,208.06,89.45,495.21,6.0,4.0,0.2691306611
Kantonsspital Winterthur,ZH,1770,2016,687.0,,AL,0,0.38813559322033897,0,462.14,,1270.41,331.48,2755.48,15.0,6.0,0.2165848336
Kantonsspital Aarau AG,AG,1755,2016,534.0,,AL,0,0.30427350427350425,0,622.04,,1442.35,381.37,3453.08,17.0,5.0,0.1747351959
Kantonsspital St. Gallen,SG,1694,2016,610.0,29.0,AL,0,0.3600944510035419,0,817.23,,1843.52,542.37,4609.42,26.0,5.0,0.2183096687
Kantonsspital Baden AG,AG,1686,2016,560.0,,AL,0,0.33214709371293,0,310.14,,740.22,217.94,1782.86,8.0,6.0,0.2108833207
Hôpital du Valais - Centre hospitalier du centre du Valais (CHCVs),VS,1670,2016,387.0,,RO,0,0.23173652694610777,0,346.04,,1061.57,203.3,2205.66,14.0,5.0,0.04042511317
Solothurner Spitäler AG,SO,1639,2016,500.0,,AL,0,0.3050640634533252,0,399.51,,1251.4,377.82,2827.12,23.0,10.0,0.176395412
Insel Gruppe AG (universitär),BE,1599,2016,662.0,39.0,AL,1,0.4140087554721701,0,1269.52,,2673.94,922.62,7122.89,34.0,5.0,0.1704004542
Hôpital Jules Daler,FR,1550,2016,451.0,,RO,0,0.29096774193548386,0,0.0,,148.85,8.57,233.12,5.0,4.0,0.1283607979
Réseau hospitalier neuchâtelois RHNe,NE,1503,2016,412.0,,RO,0,0.2741184298070526,0,,,,,,,,
Spitalverbund Appenzell Ausserrhoden,AR,1456,2016,345.0,,AL,0,0.23695054945054944,0,,,,,,,,
Spital Bülach AG,ZH,1454,2016,411.0,,AL,0,0.2826685006877579,0,134.2,,407.8,86.8,843.0,5.0,4.0,0.1625058439
EHC Ensemble hospitalier de la Côte,VD,1378,2016,430.0,,RO,0,0.31204644412191584,0,124.49,,437.85,70.28,930.84,6.0,4.0,0.1102111658
Spitalregion Rheintal Werdenberg Sarganserland,SG,1168,2016,301.0,,AL,0,0.2577054794520548,0,199.6,,487.7,153.67,1164.47,9.0,5.0,0.188216541
Spital STS AG,BE,1131,2016,315.0,,AL,0,0.27851458885941643,0,206.37,,594.24,182.18,1369.05,8.0,4.0,0.1341176471
Hirslanden Bern AG,BE,1130,2016,439.0,,AL,0,0.38849557522123895,0,82.67,,589.27,137.19,1188.89,16.0,4.0,0.2850983696
Etablissements Hospitaliers du Nord Vaudois (eHnv),VD,1084,2016,329.0,,RO,0,0.30350553505535055,0,149.94,,704.06,95.25,1347.83,11.0,3.0,0.04996347699
Spitalzentrum Biel AG,BE,1075,2016,244.0,,AL,0,0.22697674418604652,0,181.87,,516.81,115.8,1176.36,5.0,5.0,0.1489423356
Kantonsspital Graubünden,GR,1062,2016,405.0,,AL,0,0.3813559322033898,0,296.65,,667.25,228.09,1690.51,12.0,5.0,0.203533885
Spital Limmattal,ZH,970,2016,309.0,,AL,0,0.3185567010309278,0,162.43,,360.15,143.55,946.79,6.0,5.0,0.1992024965
Klinik Hirslanden AG,ZH,929,2016,539.0,,AL,0,0.5801937567276642,0,96.5,,812.2,139.05,1483.87,14.0,3.0,0.7215981946
HFR - Hôpital fribourgeois,FR,923,2016,269.0,,RO,0,0.2914409534127844,0,465.41,,1076.39,261.59,2530.02,17.0,4.0,0.1255690997
Zuger Kantonsspital AG,ZG,915,2016,295.0,,AL,0,0.3224043715846995,0,127.51,,350.31,119.15,795.15,5.0,3.0,0.2437989248
GZO Spital Wetzikon,ZH,909,2016,242.0,,AL,0,0.2662266226622662,0,101.91,,311.27,60.96,684.31,4.0,4.0,0.1485687023
Spital Uster,ZH,898,2016,316.0,,AL,0,0.3518930957683742,0,142.3,,450.97,97.08,933.83,5.0,4.0,0.2044460316
Spitäler Schaffhausen,SH,879,2016,323.0,,AL,0,0.36746302616609783,0,141.15,,559.9,174.18,1127.31,5.0,2.0,0.1801057808
Clinique des Grangettes SA,GE,859,2016,345.0,,RO,0,0.40162980209545984,0,4.45,,249.76,43.01,465.69,5.0,4.0,0.9273345202
Hirslanden Klinik St. Anna AG,LU,821,2016,322.0,,AL,0,0.392204628501827,0,60.77,,450.65,118.11,919.48,8.0,3.0,0.5191187036
Hirslanden Klinik Aarau,AG,783,2016,355.0,,AL,0,0.45338441890166026,0,12.22,,349.12,96.8,621.17,7.0,2.0,0.4532177088
Hirslanden Klinik Stephanshorn,SG,748,2016,348.0,,AL,0,0.46524064171123,0,29.23,,170.2,55.79,369.02,5.0,4.0,0.2897765741
Swiss Medical Network Hospitals SA Clinica Sant'Anna,TI,739,2016,288.0,,RO,0,0.38971583220568334,0,,,,,,,,
Spitalregion Fürstenland Toggenburg,SG,723,2016,233.0,,AL,0,0.32226832641770403,0,92.71,,268.33,107.3,629.62,5.0,4.0,0.1233106088
Asana Spital Leuggern AG,AG,722,2016,208.0,,AL,0,0.2880886426592798,0,,,,,,,,
Spital Wallis - Spitalzentrum Oberwallis (SZO),VS,690,2016,192.0,,RO,0,0.2782608695652174,0,130.72,,413.3,78.48,873.91,7.0,3.0,0.06324655436
Clinique Générale-Beaulieu,GE,675,2016,236.0,,RO,0,0.3496296296296296,0,0.0,,206.68,29.12,383.13,8.0,4.0,0.9357142857
See-Spital,ZH,673,2016,267.0,,AL,0,0.3967310549777117,0,90.21,,330.05,98.08,771.34,8.0,3.0,0.2628981995
Hirslanden Klinik Linde AG,BE,668,2016,259.0,,AL,0,0.38772455089820357,0,,,,,,,,
Kantonsspital Baselland,BL,665,2016,152.0,,AL,0,0.22857142857142856,0,465.94,,1082.16,415.88,2796.72,16.0,3.0,0.2076565694
SRO AG,BE,632,2016,230.0,,AL,0,0.3639240506329114,0,,,,,,,,
Swiss Medical Network Hospitals SA Klinik Villa im Park,AG,630,2016,262.0,,AL,0,0.4158730158730159,0,,,,,,,,
Paracelsus-Spital Richterswil AG,ZH,629,2016,126.0,,AL,0,0.20031796502384738,0,21.84,,71.93,19.49,200.64,2.0,2.0,0.170104836
Spitäler Frutigen Meiringen Interlaken AG,BE,624,2016,193.0,,AL,0,0.3092948717948718,0,113.08,,274.61,178.3,768.81,7.0,4.0,0.1300515706
Regionalspital Emmental AG,BE,604,2016,130.0,,AL,0,0.2152317880794702,0,127.04,,350.52,134.09,843.71,6.0,3.0,0.09914393789
Hôpital du Jura,JU,598,2016,118.0,,RO,0,0.19732441471571907,0,110.09,,592.95,170.09,1264.93,5.0,3.0,0.07679702862
Stiftung Spital Muri,AG,594,2016,160.0,,AL,0,0.26936026936026936,0,,,,,,,,
Groupement Hospitalier de l'Ouest Lémanique (GHOL) SA,VD,589,2016,199.0,,RO,0,0.3378607809847199,0,104.59,,293.32,48.36,593.21,4.0,2.0,0.1842205083
Hôpital Intercantonal de la Broye (HIB),VD,568,2016,147.0,,RO,0,0.25880281690140844,0,86.52,,263.45,67.22,606.54,4.0,3.0,0.05720628415
Spital Nidwalden AG,NW,553,2016,178.0,,AL,0,0.321880650994575,0,,,,,,,,
Hôpital de la Tour,GE,538,2016,192.0,,RO,0,0.35687732342007433,0,58.42,,354.36,80.53,748.51,6.0,4.0,0.9232900685
Andreas Klinik,ZG,533,2016,276.0,,AL,0,0.5178236397748592,0,1.17,,106.9,19.01,211.54,4.0,3.0,0.3667812142
Spital Männedorf AG,ZH,532,2016,166.0,,AL,0,0.31203007518796994,0,84.63,,293.57,73.15,665.9,4.0,2.0,0.2873372479
Klinik Im Park,ZH,518,2016,298.0,,AL,0,0.5752895752895753,0,25.65,,263.67,58.24,516.32,8.0,2.0,0.8740591398
Gesundheitszentrum Fricktal,AG,474,2016,203.0,,AL,0,0.4282700421940928,0,84.3,,278.7,80.4,602.09,5.0,2.0,0.2258025585
GSMN Schweiz AG Privatklinik Bethanien,ZH,470,2016,247.0,,AL,0,0.5255319148936171,0,,,,,,,,
Spital Linth,SG,454,2016,168.0,,AL,0,0.3700440528634361,0,72.45,,163.91,41.56,396.46,4.0,3.0,0.1393184207
Hirslanden Lausanne SA,VD,449,2016,204.0,,RO,0,0.45434298440979953,0,9.04,,332.16,107.95,692.58,11.0,2.0,0.6995919347
Spital Lachen,SZ,448,2016,142.0,,AL,0,0.3169642857142857,0,81.9,,194.69,75.43,498.77,4.0,2.0,0.1921368646
Insel Gruppe AG (nicht-universitär),BE,442,2016,197.0,,AL,0,0.4457013574660634,0,199.78,,601.42,169.38,1247.33,12.0,3.0,0.1407443035
Spital Schwyz,SZ,431,2016,111.0,,AL,0,0.25754060324825984,0,55.16,,251.33,31.48,460.68,4.0,2.0,0.1847211612
Kantonsspital Glarus,GL,367,2016,134.0,,AL,0,0.3651226158038147,0,68.67,,166.77,68.88,451.58,4.0,2.0,0.1348380766
Hôpital du Jura bernois SA,BE,361,2016,107.0,,AL,0,0.296398891966759,0,134.0,,170.65,82.35,565.22,4.0,3.0,0.1128420212
Spital Affoltern AG,ZH,332,2016,92.0,,AL,0,0.27710843373493976,0,,,,,,,,
Clinique de La Source,VD,327,2016,179.0,,RO,0,0.5474006116207951,0,0.0,,209.88,62.87,468.12,7.0,1.0,0.7774274905
AMEOS Spital Einsiedeln AG,SZ,291,2016,107.0,,AL,0,0.36769759450171824,0,,,,,,,,
Kantonsspital Uri,UR,284,2016,69.0,,AL,0,0.24295774647887325,0,46.28,,211.64,62.9,439.93,3.0,2.0,0.2476635514
Kantonsspital Obwalden,OW,277,2016,56.0,,AL,0,0.20216606498194944,0,52.64,,149.86,73.7,400.5,3.0,2.0,0.1334340383
Clinica Luganese Moncucco SA Clinica Santa Chiara SA,TI,260,2016,108.0,,RO,0,0.4153846153846154,0,,,,,,,,
Spital Oberengadin,GR,185,2016,47.0,,AL,0,0.25405405405405407,0,43.11,,84.15,27.5,256.33,3.0,2.0,0.2888578414
Asana Spital Menziken AG,AG,169,2016,65.0,,AL,0,0.38461538461538464,0,,,,,,,,
Regionalspital Surselva AG,GR,169,2016,39.0,,AL,0,0.23076923076923078,0,24.97,,80.07,32.14,191.42,2.0,2.0,0.1550515464
Spital Thusis,GR,163,2016,33.0,,AL,0,0.20245398773006135,0,20.27,,63.18,14.25,134.94,2.0,2.0,0.1368186874
Flury Stiftung Spital Schiers,GR,139,2016,35.0,,AL,0,0.2517985611510791,0,23.01,,65.03,24.06,157.28,2.0,1.0,0.1204494382
Spital Davos AG Akutabteilung,GR,113,2016,50.0,,AL,0,0.4424778761061947,0,33.73,,117.9,40.47,283.5,3.0,2.0,0.2512931035
Center da Sanda Engiadina Bassa Ospidal d'Engiadina Bassa,GR,69,2016,12.0,,AL,0,0.17391304347826086,0,19.87,,27.83,21.74,115.38,2.0,1.0,0.2267801858
Centro Sanitario Valposchiavo Ospedale San Sisto,GR,43,2016,6.0,,AL,0,0.13953488372093023,0,3.62,,38.5,9.08,75.82,1.0,1.0,0.0913884007
Les Hôpitaux Universitaires de Genève HUG,GE,4078,2017,1189.0,33.0,RO,1,0.29156449239823445,0,1829.32,,4498.96,1070.7,10825.3,39.0,8.0,0.097723228392
LUKS Spitalbetriebe AG,LU,3190,2017,1045.0,,AL,0,0.3275862068965517,0,,,,,,,,
CHUV Centre Hospitalier Universitaire Vaudois,VD,3073,2017,878.0,55.0,RO,1,0.2857142857142857,0,1653.73,,3400.37,1651.01,9804.75,26.0,6.0,0.0732079619
Universitätsspital Zürich,ZH,2792,2017,1206.0,96.0,AL,1,0.43194842406876793,0,1221.75,,2574.21,1119.99,7025.11,35.0,8.0,0.20580227209
Universitätsspital Basel,BS,2672,2017,936.0,79.0,AL,1,0.3502994011976048,0,913.5,,1595.22,735.93,4901.42,24.0,5.0,0.21682613706
Spital Thurgau AG Kantonsspitäler Frauenfeld & Münsterlingen,TG,2373,2017,644.0,,AL,0,0.2713864306784661,0,381.77,,1007.94,375.57,2195.71,18.0,10.0,0.15222983009
Lindenhofgruppe AG,BE,2336,2017,855.0,,AL,0,0.3660102739726027,0,,,,,,,,
Stadtspital Triemli,ZH,2159,2017,783.0,,AL,0,0.36266790180639186,0,416.7,,975.6,233.88,2402.11,11.0,6.0,0.18534271225
Spital Zollikerberg,ZH,2047,2017,807.0,,AL,0,0.39423546653639474,0,124.61,,384.93,73.22,799.74,7.0,6.0,0.318967909
Hôpital Riviera-Chablais Vaud-Valais,VD,1958,2017,491.0,,RO,0,0.2507660878447395,0,235.22,,820.55,158.12,1712.92,17.0,7.0,0.078320204706
Kantonsspital St. Gallen,SG,1895,2017,630.0,30.0,AL,0,0.3324538258575198,0,812.41,,1746.25,539.41,4634.49,30.0,6.0,0.21240176553
Bethesda Spital AG,BS,1867,2017,651.0,,AL,0,0.3486877343331548,0,50.98,,206.82,94.63,506.32,6.0,4.0,0.23587866109
Kantonsspital Winterthur,ZH,1864,2017,631.0,,AL,0,0.338519313304721,0,466.62,,1278.09,339.34,2789.24,15.0,6.0,0.21502940854
EOC Ente ospedaliero cantonale,TI,1801,2017,442.0,,RO,0,0.24541921154913937,0,690.79,,1754.0,454.88,4362.11,23.0,9.0,0.1863460609
Kantonsspital Aarau AG,AG,1780,2017,522.0,,AL,0,0.2932584269662921,0,628.81,,1467.23,395.58,3489.77,19.0,5.0,0.18039817301
Hôpital du Valais - Centre hospitalier du centre du Valais (CHCVs),VS,1692,2017,436.0,,RO,0,0.2576832151300236,0,371.02,,1089.01,220.6,2291.87,12.0,5.0,0.041129285939
Insel Gruppe AG (universitär),BE,1689,2017,711.0,53.0,AL,1,0.42095914742451157,0,1355.66,,2739.25,963.58,7315.84,37.0,5.0,0.16207790019
Solothurner Spitäler AG,SO,1685,2017,567.0,,AL,0,0.3364985163204748,0,457.63,,1230.63,394.74,2878.92,23.0,10.0,0.16789017065
Kantonsspital Baden AG,AG,1632,2017,541.0,,AL,0,0.3314950980392157,0,321.27,,783.63,229.67,1899.72,10.0,6.0,0.21833224033
Réseau hospitalier neuchâtelois RHNe,NE,1479,2017,363.0,,RO,0,0.24543610547667344,0,,,,,,,,
Hôpital Jules Daler,FR,1473,2017,450.0,,RO,0,0.3054989816700611,0,0.0,,148.96,8.43,233.91,5.0,4.0,0.12882423515
Spital Bülach AG,ZH,1441,2017,440.0,,AL,0,0.3053435114503817,0,133.87,,408.56,86.22,846.41,5.0,4.0,0.186338379
EHC Ensemble hospitalier de la Côte,VD,1384,2017,392.0,,RO,0,0.2832369942196532,0,117.37,,448.79,73.28,940.09,6.0,4.0,0.095620293302
Spital STS AG,BE,1161,2017,352.0,,AL,0,0.3031869078380706,0,215.92,,612.52,187.37,1422.0,8.0,4.0,0.12606584557
Spitalregion Rheintal Werdenberg Sarganserland,SG,1147,2017,272.0,,AL,0,0.23714036617262424,0,201.6,,507.29,158.08,1194.31,8.0,5.0,0.19121081746
Hirslanden Bern AG,BE,1128,2017,380.0,,AL,0,0.33687943262411346,0,86.78,,585.85,138.02,1183.81,16.0,4.0,0.27288650765
Spitalverbund Appenzell Ausserrhoden,AR,1097,2017,246.0,,AL,0,0.22424794895168643,0,,,,,,,,
Etablissements Hospitaliers du Nord Vaudois (eHnv),VD,1029,2017,296.0,,RO,0,0.28765792031098153,0,153.08,,663.2,94.55,1308.69,11.0,3.0,0.045237740349
Kantonsspital Graubünden,GR,1016,2017,381.0,,AL,0,0.375,0,308.97,,675.1,241.13,1734.89,12.0,5.0,0.20862010606
Spitalzentrum Biel AG,BE,993,2017,222.0,,AL,0,0.22356495468277945,0,175.56,,470.18,104.86,1101.42,6.0,5.0,0.15282442748
Spital Limmattal,ZH,954,2017,306.0,,AL,0,0.32075471698113206,0,163.19,,379.69,148.69,986.69,6.0,5.0,0.18911423124
HFR - Hôpital fribourgeois,FR,945,2017,263.0,,RO,0,0.2783068783068783,0,488.25,,1100.43,278.21,2618.67,18.0,4.0,0.12300732443
Clinique des Grangettes SA,GE,904,2017,391.0,,RO,0,0.4325221238938053,0,,,,,,,,
Klinik Hirslanden AG,ZH,904,2017,539.0,1.0,AL,0,0.5962389380530974,0,107.45,,817.53,139.91,1505.14,14.0,3.0,0.68443197756
Zuger Kantonsspital AG,ZG,899,2017,284.0,,AL,0,0.31590656284760843,0,132.77,,355.55,120.65,804.8,5.0,3.0,0.24892127721
Spital Uster,ZH,865,2017,279.0,,AL,0,0.3225433526011561,0,141.49,,463.49,94.56,960.51,5.0,4.0,0.20287072591
GZO Spital Wetzikon,ZH,854,2017,229.0,,AL,0,0.2681498829039813,0,109.1,,317.64,60.99,709.9,4.0,4.0,0.15360864531
Spitäler Schaffhausen,SH,836,2017,268.0,,AL,0,0.32057416267942584,0,145.49,,465.92,177.37,1030.96,5.0,2.0,0.17782888684
Hirslanden Klinik St. Anna AG,LU,827,2017,288.0,,AL,0,0.3482466747279323,0,69.4,,443.44,134.55,952.86,8.0,3.0,0.49482826688
Hirslanden Klinik Aarau,AG,801,2017,356.0,,AL,0,0.4444444444444444,0,13.09,,346.52,98.4,621.33,7.0,2.0,0.42542697963
Hirslanden Klinik Stephanshorn,SG,801,2017,347.0,,AL,0,0.4332084893882647,0,34.24,,169.23,54.24,373.69,5.0,4.0,0.26629348261
Asana Spital Leuggern AG,AG,754,2017,214.0,,AL,0,0.2838196286472148,0,,,,,,,,
Swiss Medical Network Hospitals SA Clinica Sant'Anna,TI,744,2017,272.0,,RO,0,0.3655913978494624,0,,,,,,,,
Spital Wallis - Spitalzentrum Oberwallis (SZO),VS,696,2017,177.0,,RO,0,0.2543103448275862,0,140.41,,405.34,89.07,896.92,7.0,3.0,0.071831312273
See-Spital,ZH,643,2017,281.0,,AL,0,0.4370139968895801,0,88.83,,326.59,93.86,763.99,8.0,1.0,0.24952994897
Hirslanden Klinik Linde AG,BE,638,2017,214.0,,AL,0,0.335423197492163,0,,,,,,,,
Spitalregion Fürstenland Toggenburg,SG,638,2017,191.0,,AL,0,0.2993730407523511,0,89.45,,261.13,113.89,624.34,5.0,4.0,0.13528424083
Kantonsspital Baselland,BL,632,2017,157.0,,AL,0,0.24841772151898733,0,394.1,,1075.72,430.05,2756.14,14.0,3.0,0.21215162511
Regionalspital Emmental AG,BE,630,2017,163.0,,AL,0,0.25873015873015875,0,140.19,,378.7,133.35,899.29,6.0,3.0,0.10186005314
SRO AG,BE,627,2017,221.0,,AL,0,0.3524720893141946,0,,,,,,,,
Hôpital Intercantonal de la Broye (HIB),VD,614,2017,146.0,,RO,0,0.23778501628664495,0,87.32,,270.89,66.34,625.56,4.0,3.0,0.064510723861
Paracelsus-Spital Richterswil AG,ZH,609,2017,131.0,,AL,0,0.21510673234811165,0,21.49,,63.52,16.09,178.12,2.0,2.0,0.14852225963
Clinique Générale-Beaulieu,GE,602,2017,226.0,,RO,0,0.3754152823920266,0,0.24,,202.5,29.54,378.7,7.0,4.0,0.94099162011
Stiftung Spital Muri,AG,598,2017,168.0,,AL,0,0.2809364548494983,0,,,,,,,,
Groupement Hospitalier de l'Ouest Lémanique (GHOL) SA,VD,597,2017,199.0,,RO,0,0.3333333333333333,0,102.95,,287.62,45.74,582.87,5.0,2.0,0.18312040263
Hôpital du Jura,JU,594,2017,135.0,,RO,0,0.22727272727272727,0,107.27,,616.94,169.44,1279.68,5.0,3.0,0.078832571666
Spitäler Frutigen Meiringen Interlaken AG,BE,585,2017,193.0,,AL,0,0.3299145299145299,0,116.11,,290.28,199.25,837.52,7.0,4.0,0.13724746277
Spital Nidwalden AG,NW,543,2017,177.0,,AL,0,0.3259668508287293,0,,,,,,,,
Hôpital de la Tour,GE,535,2017,195.0,,RO,0,0.3644859813084112,0,48.5,,339.4,77.27,708.38,6.0,4.0,0.92258064516
Spital Männedorf AG,ZH,529,2017,155.0,,AL,0,0.29300567107750475,0,94.9,,336.96,78.75,735.65,4.0,2.0,0.2884097035
Klinik Im Park,ZH,510,2017,249.0,,AL,0,0.48823529411764705,0,26.0,,266.97,53.33,522.01,8.0,2.0,0.86706349206
GSMN Schweiz AG Privatklinik Bethanien,ZH,481,2017,271.0,,AL,0,0.5634095634095634,0,,,,,,,,
Andreas Klinik,ZG,461,2017,229.0,,AL,0,0.4967462039045553,0,2.17,,109.16,18.65,215.14,4.0,3.0,0.34537701975
Insel Gruppe AG (nicht-universitär),BE,459,2017,196.0,,AL,0,0.42701525054466233,0,204.03,,600.25,203.3,1352.82,12.0,3.0,0.14620949602
Swiss Medical Network Hospitals SA Klinik Villa im Park,AG,458,2017,159.0,,AL,0,0.3471615720524017,0,,,,,,,,
Hirslanden Lausanne SA,VD,442,2017,212.0,,RO,0,0.4796380090497738,0,10.17,,332.25,107.07,691.0,11.0,2.0,0.68124101581
Gesundheitszentrum Fricktal,AG,442,2017,187.0,,AL,0,0.4230769230769231,0,88.98,,295.98,80.75,632.6,5.0,2.0,0.23729403574
Spital Lachen,SZ,428,2017,127.0,,AL,0,0.2967289719626168,0,84.37,,201.34,79.62,523.84,4.0,2.0,0.18379960963
Spital Schwyz,SZ,427,2017,82.0,,AL,0,0.1920374707259953,0,53.36,,247.95,32.81,461.64,4.0,2.0,0.18900865341
Spital Linth,SG,401,2017,127.0,,AL,0,0.3167082294264339,0,76.55,,152.74,48.82,397.99,4.0,3.0,0.13758934373
Hôpital du Jura bernois SA,BE,388,2017,109.0,,AL,0,0.2809278350515464,0,57.0,,150.74,74.98,448.95,4.0,2.0,0.10719079578
Kantonsspital Glarus,GL,340,2017,130.0,,AL,0,0.38235294117647056,0,74.68,,174.38,69.27,472.7,4.0,2.0,0.13557288542
Clinique de La Source,VD,317,2017,149.0,,RO,0,0.47003154574132494,0,0.25,,215.33,69.84,477.31,7.0,1.0,0.79155730534
Kantonsspital Obwalden,OW,302,2017,63.0,,AL,0,0.20860927152317882,0,48.51,,134.5,65.41,377.29,3.0,2.0,0.14883846569
Kantonsspital Uri,UR,290,2017,75.0,,AL,0,0.25862068965517243,0,46.4,,209.46,63.26,439.07,3.0,2.0,0.2556943424
Spital Affoltern AG,ZH,282,2017,80.0,,AL,0,0.28368794326241137,0,,,,,,,,
AMEOS Spital Einsiedeln AG,SZ,268,2017,87.0,,AL,0,0.3246268656716418,0,,,,,,,,
Clinica Luganese Moncucco SA Clinica Santa Chiara SA,TI,226,2017,102.0,,RO,0,0.45132743362831856,0,,,,,,,,
Regionalspital Surselva AG,GR,169,2017,49.0,,AL,0,0.28994082840236685,0,24.85,,78.37,30.49,187.52,2.0,2.0,0.13731958763
Asana Spital Menziken AG,AG,167,2017,47.0,,AL,0,0.281437125748503,0,,,,,,,,
Spital Oberengadin,GR,159,2017,37.0,,AL,0,0.23270440251572327,0,45.34,,86.77,26.1,256.91,3.0,2.0,0.2798053528
Spital Thusis,GR,155,2017,30.0,,AL,0,0.1935483870967742,0,20.57,,58.42,21.73,138.11,2.0,2.0,0.13586005831
Flury Stiftung Spital Schiers,GR,135,2017,36.0,,AL,0,0.26666666666666666,0,25.46,,69.44,23.4,160.25,3.0,2.0,0.12314049587
Spital Davos AG Akutabteilung,GR,110,2017,41.0,,AL,0,0.37272727272727274,0,30.69,,116.91,42.99,282.51,3.0,2.0,0.27407407407
Center da Sanda Engiadina Bassa Ospidal d'Engiadina Bassa,GR,51,2017,12.0,,AL,0,0.23529411764705882,0,20.88,,27.35,23.31,119.41,2.0,1.0,0.22204968944
Centro Sanitario Valposchiavo Ospedale San Sisto,GR,30,2017,8.0,,AL,0,0.26666666666666666,0,3.65,,37.35,9.17,75.52,1.0,1.0,0.064631956912
Les Hôpitaux Universitaires de Genève HUG,GE,4082,2018,1148.0,40.0,RO,1,0.28123468887800096,0,1873.2,,4529.22,1099.47,11001.81,39.0,8.0,0.097247584581
CHUV Centre Hospitalier Universitaire Vaudois,VD,3219,2018,899.0,52.0,RO,1,0.27927927927927926,0,1668.23,,3517.55,1701.05,10036.4,26.0,6.0,0.080111697177
LUKS Spitalbetriebe AG,LU,3212,2018,1132.0,,AL,0,0.35242839352428396,0,,,,,,,,
Universitätsspital Zürich,ZH,2807,2018,1242.0,89.0,AL,1,0.4424652654079088,0,1381.68,,2585.77,1091.53,7213.35,35.0,8.0,0.20000469329
Universitätsspital Basel,BS,2743,2018,943.0,93.0,AL,1,0.3437841779074007,0,930.17,,1657.23,720.95,5029.95,30.0,8.0,0.20565220899
Spital Thurgau AG Kantonsspitäler Frauenfeld & Münsterlingen,TG,2577,2018,665.0,,AL,0,0.2580519984478075,0,386.87,,1022.98,358.26,2224.31,18.0,10.0,0.15813456746
Spital Zollikerberg,ZH,2205,2018,833.0,,AL,0,0.37777777777777777,0,129.2,,382.12,76.58,820.46,7.0,6.0,0.31213872832
Lindenhofgruppe AG,BE,2196,2018,763.0,,AL,0,0.34744990892531874,0,,,,,,,,
Stadtspital Triemli,ZH,2085,2018,773.0,,AL,0,0.37074340527577937,0,417.37,,958.22,224.57,2368.55,12.0,7.0,0.19022048653
Hôpital Riviera-Chablais Vaud-Valais,VD,2056,2018,481.0,,RO,0,0.23394941634241245,0,228.43,,781.56,150.66,1655.44,17.0,7.0,0.076056195674
Kantonsspital St. Gallen,SG,2029,2018,742.0,13.0,AL,0,0.36569738787580086,0,845.74,,1758.34,553.69,4718.07,30.0,6.0,0.20591400743
Kantonsspital Aarau AG,AG,2013,2018,634.0,,AL,0,0.31495280675608545,0,625.02,,1423.35,424.95,3490.34,19.0,5.0,0.18149686009
Bethesda Spital AG,BS,1877,2018,679.0,,AL,0,0.3617474693660096,0,52.36,,206.85,96.25,509.03,6.0,4.0,0.2296875
Insel Gruppe AG (universitär),BE,1823,2018,818.0,66.0,AL,1,0.4487109160724081,0,1430.04,,2840.23,1022.45,7659.42,37.0,5.0,0.16046914293
Kantonsspital Winterthur,ZH,1740,2018,554.0,,AL,0,0.31839080459770114,0,486.6,,1306.31,324.45,2842.98,15.0,6.0,0.21268040497
Solothurner Spitäler AG,SO,1670,2018,492.0,,AL,0,0.2946107784431138,0,503.42,,1271.91,378.57,2996.79,23.0,10.0,0.16760068974
Hôpital du Valais - Centre hospitalier du centre du Valais (CHCVs),VS,1617,2018,398.0,,RO,0,0.24613481756338898,0,390.46,,1074.02,220.79,2322.11,12.0,5.0,0.042475298193
Kantonsspital Baden AG,AG,1575,2018,525.0,,AL,0,0.3333333333333333,0,338.54,,809.43,247.07,2015.81,10.0,6.0,0.21408921203
EOC Ente ospedaliero cantonale,TI,1526,2018,387.0,,RO,0,0.25360419397116646,0,707.84,,1767.63,493.81,4465.82,23.0,9.0,0.18333579554
Hôpital Jules Daler,FR,1499,2018,442.0,,RO,0,0.29486324216144094,0,0.0,,148.32,9.7,230.92,5.0,4.0,0.11467473525
EHC Ensemble hospitalier de la Côte,VD,1419,2018,413.0,,RO,0,0.29105003523608175,0,137.44,,470.79,75.13,995.25,7.0,4.0,0.094210189335
Spital Bülach AG,ZH,1377,2018,439.0,,AL,0,0.3188090050835149,0,146.27,,442.92,94.65,922.05,5.0,4.0,0.17866360769
Réseau hospitalier neuchâtelois RHNe,NE,1376,2018,361.0,,RO,0,0.2623546511627907,0,,,,,,,,
Spitalregion Rheintal Werdenberg Sarganserland,SG,1176,2018,274.0,,AL,0,0.23299319727891157,0,197.35,,517.91,159.56,1206.69,8.0,6.0,0.1929620563
Spitalverbund Appenzell Ausserrhoden,AR,1158,2018,263.0,,AL,0,0.22711571675302245,0,,,,,,,,
Spital STS AG,BE,1089,2018,323.0,,AL,0,0.29660238751147844,0,219.88,,632.47,192.51,1466.88,8.0,4.0,0.12664176407
Hirslanden Bern AG,BE,1066,2018,393.0,,AL,0,0.36866791744840527,0,87.73,,541.54,159.34,1178.3,16.0,4.0,0.26471814109
Kantonsspital Graubünden,GR,1060,2018,368.0,,AL,0,0.3471698113207547,0,317.34,,691.54,246.67,1779.22,12.0,5.0,0.2034903233
HFR - Hôpital fribourgeois,FR,1022,2018,305.0,,RO,0,0.2984344422700587,0,496.51,,1126.51,290.02,2678.82,18.0,4.0,0.11853865291
Spital Limmattal,ZH,969,2018,303.0,,AL,0,0.3126934984520124,0,166.69,,394.6,150.74,1019.92,6.0,5.0,0.18766044082
Etablissements Hospitaliers du Nord Vaudois (eHnv),VD,947,2018,287.0,,RO,0,0.30306230200633577,0,157.58,,667.09,91.72,1316.55,10.0,3.0,0.043462137506
Zuger Kantonsspital AG,ZG,942,2018,251.0,,AL,0,0.2664543524416136,0,142.95,,352.55,120.14,809.55,5.0,3.0,0.2403078122
Spitalzentrum Biel AG,BE,906,2018,197.0,,AL,0,0.217439293598234,0,206.5,,464.32,127.23,1200.19,6.0,5.0,0.15705372089
Clinique des Grangettes SA,GE,888,2018,377.0,,RO,0,0.42454954954954954,0,,,,,,,,
Spital Uster,ZH,885,2018,253.0,,AL,0,0.2858757062146893,0,144.65,,466.64,98.31,973.88,5.0,4.0,0.20615821885
Klinik Hirslanden AG,ZH,841,2018,497.0,,AL,0,0.5909631391200951,0,98.25,,675.84,190.03,1412.24,14.0,3.0,0.64569662129
GZO Spital Wetzikon,ZH,841,2018,254.0,,AL,0,0.30202140309155767,0,111.48,,321.25,61.07,719.31,4.0,4.0,0.15438998758
Spitäler Schaffhausen,SH,827,2018,241.0,,AL,0,0.2914147521160822,0,153.19,,467.07,180.17,1056.62,5.0,2.0,0.17041562529
Hirslanden Klinik Stephanshorn,SG,788,2018,360.0,,AL,0,0.45685279187817257,0,35.43,,182.13,50.03,378.98,6.0,4.0,0.27084123972
Swiss Medical Network Hospitals SA Clinica Sant'Anna,TI,782,2018,282.0,,RO,0,0.36061381074168797,0,,,,,,,,
Asana Spital Leuggern AG,AG,774,2018,227.0,,AL,0,0.29328165374677,0,,,,,,,,
Hirslanden Klinik St. Anna AG,LU,772,2018,266.0,,AL,0,0.344559585492228,0,72.96,,438.23,136.67,969.68,8.0,3.0,0.47484156677
Hirslanden Klinik Linde AG,BE,758,2018,233.0,,AL,0,0.3073878627968338,0,11.09,,168.18,54.73,371.39,7.0,2.0,0.30346171137
Hirslanden Klinik Aarau,AG,706,2018,275.0,,AL,0,0.3895184135977337,0,13.56,,353.5,94.61,611.79,7.0,2.0,0.41984282908
Spital Wallis - Spitalzentrum Oberwallis (SZO),VS,700,2018,195.0,,RO,0,0.2785714285714286,0,144.41,,411.46,83.93,908.33,7.0,3.0,0.071706936867
See-Spital,ZH,684,2018,256.0,,AL,0,0.3742690058479532,0,96.13,,310.45,94.87,744.96,8.0,3.0,0.24923381117
Regionalspital Emmental AG,BE,658,2018,155.0,,AL,0,0.23556231003039513,0,151.14,,381.61,140.73,921.69,6.0,3.0,0.099299392807
SRO AG,BE,637,2018,215.0,,AL,0,0.33751962323390894,0,,,,,,,,
Hôpital Intercantonal de la Broye (HIB),VD,614,2018,153.0,,RO,0,0.249185667752443,0,93.83,,268.35,69.73,636.22,4.0,3.0,0.063736620175
Hôpital du Jura,JU,614,2018,131.0,,RO,0,0.21335504885993486,0,112.54,,617.93,175.14,1294.81,5.0,3.0,0.079350395724
Groupement Hospitalier de l'Ouest Lémanique (GHOL) SA,VD,608,2018,212.0,,RO,0,0.34868421052631576,0,106.59,,286.24,46.38,584.72,5.0,2.0,0.17665615142
Spital Nidwalden AG,NW,607,2018,186.0,,AL,0,0.30642504118616143,0,,,,,,,,
Spitäler Frutigen Meiringen Interlaken AG,BE,603,2018,172.0,,AL,0,0.28524046434494194,0,119.48,,302.04,210.36,880.21,7.0,4.0,0.12922201139
Stiftung Spital Muri,AG,603,2018,180.0,,AL,0,0.29850746268656714,0,,,,,,,,
Clinique Générale-Beaulieu,GE,596,2018,201.0,,RO,0,0.337248322147651,0,0.24,,197.71,28.77,368.56,7.0,4.0,0.99648917496
Spitalregion Fürstenland Toggenburg,SG,590,2018,145.0,,AL,0,0.2457627118644068,0,93.43,,260.3,119.51,644.78,4.0,4.0,0.13181332383
Kantonsspital Baselland,BL,571,2018,175.0,,AL,0,0.3064798598949212,0,398.04,,1069.94,452.81,2762.17,15.0,3.0,0.20961840042
Spital Männedorf AG,ZH,541,2018,143.0,,AL,0,0.2643253234750462,0,95.34,,331.64,84.99,732.53,5.0,2.0,0.28062988094
Hôpital de la Tour,GE,524,2018,190.0,,RO,0,0.36259541984732824,0,36.1,,336.89,108.74,788.5,8.0,4.0,0.9148132606
Spital Lachen,SZ,495,2018,151.0,,AL,0,0.30505050505050507,0,83.23,,205.75,73.38,514.11,4.0,2.0,0.19566863547
Klinik Im Park,ZH,492,2018,268.0,,AL,0,0.5447154471544715,0,27.66,,229.91,71.0,503.2,5.0,1.0,0.85848502642
Paracelsus-Spital Richterswil AG,ZH,485,2018,98.0,,AL,0,0.2020618556701031,0,27.25,,74.62,15.79,189.62,3.0,2.0,0.14375561545
Andreas Klinik,ZG,484,2018,260.0,,AL,0,0.5371900826446281,0,4.43,,113.66,17.9,223.73,4.0,3.0,0.35268441729
Spital Schwyz,SZ,470,2018,121.0,,AL,0,0.2574468085106383,0,55.53,,247.67,35.44,472.43,4.0,2.0,0.19013271783
Swiss Medical Network Hospitals SA Klinik Villa im Park,AG,470,2018,200.0,,AL,0,0.425531914893617,0,,,,,,,,
GSMN Schweiz AG Privatklinik Bethanien,ZH,464,2018,259.0,,AL,0,0.5581896551724138,0,,,,,,,,
Gesundheitszentrum Fricktal,AG,460,2018,183.0,,AL,0,0.3978260869565217,0,98.26,,264.86,87.04,618.0,5.0,2.0,0.24277323506
Hirslanden Lausanne SA,VD,427,2018,198.0,,RO,0,0.4637002341920375,0,9.05,,318.51,107.47,682.3,11.0,2.0,0.66443661972
Insel Gruppe AG (nicht-universitär),BE,415,2018,178.0,,AL,0,0.42891566265060244,0,207.83,,596.63,210.35,1284.8,12.0,3.0,0.14545342912
Hôpital du Jura bernois SA,BE,380,2018,114.0,,AL,0,0.3,0,58.58,,269.35,64.75,545.93,4.0,2.0,0.087182823682
Spital Linth,SG,366,2018,97.0,,AL,0,0.2650273224043716,0,68.24,,154.36,52.8,394.92,4.0,3.0,0.14206549118
Kantonsspital Glarus,GL,352,2018,133.0,,AL,0,0.3778409090909091,0,81.12,,168.91,75.95,488.02,4.0,2.0,0.13399405352
Clinique de La Source,VD,340,2018,146.0,,RO,0,0.4294117647058823,0,0.0,,222.8,68.01,484.61,7.0,1.0,0.79933458099
Kantonsspital Uri,UR,315,2018,59.0,,AL,0,0.1873015873015873,0,47.92,,204.4,64.62,440.02,3.0,2.0,0.24868209947
Kantonsspital Obwalden,OW,301,2018,70.0,,AL,0,0.23255813953488372,0,49.32,,132.04,68.86,380.25,3.0,2.0,0.14451827243
AMEOS Spital Einsiedeln AG,SZ,288,2018,90.0,,AL,0,0.3125,0,,,,,,,,
Spital Affoltern AG,ZH,284,2018,88.0,,AL,0,0.30985915492957744,0,,,,,,,,
Clinica Luganese Moncucco SA Clinica Santa Chiara SA,TI,219,2018,78.0,,RO,0,0.3561643835616438,0,,,,,,,,
Regionalspital Surselva AG,GR,181,2018,37.0,,AL,0,0.20441988950276244,0,25.52,,76.58,32.12,188.72,2.0,2.0,0.13908589441
Flury Stiftung Spital Schiers,GR,178,2018,56.0,,AL,0,0.3146067415730337,0,27.63,,73.6,26.24,172.3,3.0,2.0,0.11266511267
Spital Oberengadin,GR,166,2018,46.0,,AL,0,0.27710843373493976,0,43.62,,89.57,26.06,258.9,3.0,2.0,0.26721199727
Spital Thusis,GR,153,2018,35.0,,AL,0,0.22875816993464052,0,21.27,,58.05,24.65,142.9,2.0,2.0,0.14095449501
Spital Davos AG Akutabteilung,GR,116,2018,43.0,,AL,0,0.3706896551724138,0,32.42,,83.07,42.69,250.53,3.0,2.0,0.25418362732
Center da Sanda Engiadina Bassa Ospidal d'Engiadina Bassa,GR,67,2018,17.0,,AL,0,0.2537313432835821,0,20.59,,27.9,23.87,121.35,2.0,1.0,0.23472041612
Asana Spital Menziken AG,AG,62,2018,20.0,,AL,0,0.3225806451612903,0,,,,,,,,
Centro Sanitario Valposchiavo Ospedale San Sisto,GR,29,2018,12.0,,AL,0,0.41379310344827586,0,4.04,,15.89,9.4,42.53,1.0,1.0,0.089947089947
Les Hôpitaux Universitaires de Genève HUG,GE,4149,2019,1054.0,38.0,RO,1,0.25403711737768137,0,1916.51,998.66,4594.12,1109.74,11125.69,39.0,12.0,0.09504350991
LUKS Spitalbetriebe AG,LU,3228,2019,1097.0,,AL,0,0.33983890954151175,0,,,,,,,,
CHUV Centre Hospitalier Universitaire Vaudois,VD,3121,2019,905.0,58.0,RO,1,0.2899711630887536,0,1817.6,765.96,3415.06,1759.47,10196.65,26.0,6.0,0.079722452361
Universitätsspital Zürich,ZH,2771,2019,1212.0,86.0,AL,1,0.4373872248285817,0,1425.59,742.2,2574.53,1124.2,7344.58,34.0,8.0,0.20232590083
Universitätsspital Basel,BS,2713,2019,945.0,76.0,AL,1,0.3483228897899005,0,985.56,455.28,1719.8,849.65,5194.11,30.0,8.0,0.20458191957
Spital Thurgau AG Kantonsspitäler Frauenfeld & Münsterlingen,TG,2366,2019,655.0,,AL,0,0.2768385460693153,0,416.7,177.25,1051.95,358.44,2295.39,18.0,10.0,0.15249937471
Spital Zollikerberg,ZH,2168,2019,823.0,,AL,0,0.37961254612546125,0,133.27,60.25,391.67,70.73,826.24,7.0,6.0,0.26004423148
Stadtspital Triemli,ZH,2099,2019,788.0,,AL,0,0.37541686517389233,0,436.95,199.75,936.94,265.85,2431.19,12.0,7.0,0.1840483432
Lindenhofgruppe AG,BE,2080,2019,720.0,,AL,0,0.34615384615384615,0,96.31,44.14,919.03,202.94,1818.28,20.0,6.0,0.24256015948
Kantonsspital Aarau AG,AG,2023,2019,608.0,,AL,0,0.30054374691052893,0,658.85,252.1,1452.22,559.56,3601.46,19.0,5.0,0.17858347386
Kantonsspital St. Gallen,SG,1966,2019,703.0,18.0,AL,0,0.3575788402848423,0,870.0,370.73,1824.79,517.92,4780.37,29.0,6.0,0.20725221595
Hôpital Riviera-Chablais Vaud-Valais,VD,1908,2019,480.0,,RO,0,0.25157232704402516,0,250.08,115.82,789.15,133.89,1682.72,10.0,6.0,0.081505028923
Bethesda Spital AG,BS,1874,2019,709.0,,AL,0,0.3783351120597652,0,53.63,15.91,211.4,96.99,517.43,6.0,4.0,0.21644513943
Insel Gruppe AG (universitär),BE,1850,2019,830.0,56.0,AL,1,0.4486486486486487,0,1459.81,626.45,2838.12,1054.82,7736.32,37.0,5.0,0.15664531301
Kantonsspital Winterthur,ZH,1708,2019,581.0,,AL,0,0.3401639344262295,0,496.33,164.66,1296.48,326.16,2852.69,15.0,6.0,0.21352250212
Solothurner Spitäler AG,SO,1666,2019,500.0,,AL,0,0.30012004801920766,0,547.69,237.82,1319.24,386.49,3135.34,23.0,10.0,0.16401147531
Kantonsspital Baden AG,AG,1644,2019,565.0,,AL,0,0.34367396593673966,0,365.65,180.66,847.2,270.38,2139.44,10.0,6.0,0.2100795756
Hôpital du Valais Centre hospitalier du Valais Romand CHVR,VS,1614,2019,366.0,,RO,0,0.22676579925650558,0,480.28,199.03,1323.26,268.0,2874.04,13.0,5.0,0.04288867865
EOC Ente ospedaliero cantonale,TI,1609,2019,437.0,,RO,0,0.271597265382225,0,708.73,257.23,1780.28,503.02,4509.74,24.0,9.0,0.1771626965
Hôpital Jules Daler,FR,1528,2019,446.0,,RO,0,0.2918848167539267,0,0.0,0.0,146.51,10.11,230.58,5.0,4.0,0.10877470356
EHC Ensemble hospitalier de la Côte,VD,1414,2019,374.0,,RO,0,0.26449787835926447,0,151.25,102.31,522.53,79.83,1098.24,7.0,4.0,0.10773195876
Réseau hospitalier neuchâtelois RHNe,NE,1388,2019,372.0,,RO,0,0.2680115273775216,0,359.87,164.99,907.03,243.14,2184.24,9.0,5.0,0.081611570248
Spital Bülach AG,ZH,1340,2019,431.0,,AL,0,0.32164179104477614,0,139.83,51.6,426.9,97.76,895.22,5.0,4.0,0.16558715855
Spital STS AG,BE,1131,2019,292.0,,AL,0,0.2581786030061892,0,224.09,97.62,640.97,195.96,1482.83,8.0,4.0,0.11806188826
Spitalverbund Appenzell Ausserrhoden,AR,1069,2019,272.0,,AL,0,0.25444340505144997,0,,,,,,,,
Spitalregion Rheintal Werdenberg Sarganserland,SG,1068,2019,259.0,,AL,0,0.24250936329588016,0,197.9,93.48,527.03,151.26,1212.37,9.0,6.0,0.19843628845
Hirslanden Bern AG,BE,1039,2019,358.0,,AL,0,0.34456207892204044,0,88.19,42.72,542.24,151.65,1162.23,16.0,4.0,0.25958734525
HFR - Hôpital fribourgeois,FR,1032,2019,307.0,,RO,0,0.29748062015503873,0,514.14,0.06,1153.07,291.71,2695.3,18.0,4.0,0.11657518222
Kantonsspital Graubünden,GR,1026,2019,382.0,,AL,0,0.3723196881091618,0,321.31,116.01,711.89,260.47,1830.62,12.0,5.0,0.19975652944
Spital Limmattal,ZH,1017,2019,336.0,,AL,0,0.3303834808259587,0,171.09,75.94,382.61,158.44,1018.35,8.0,5.0,0.18192061016
Etablissements Hospitaliers du Nord Vaudois (eHnv),VD,993,2019,266.0,,RO,0,0.2678751258811682,0,176.0,101.47,700.86,107.91,1414.34,10.0,3.0,0.045555227407
Zuger Kantonsspital AG,ZG,984,2019,282.0,,AL,0,0.2865853658536585,0,143.19,55.76,348.91,123.64,808.0,5.0,3.0,0.23880323054
Spitalzentrum Biel AG,BE,884,2019,191.0,,AL,0,0.2160633484162896,0,206.54,82.4,469.56,124.63,1199.69,8.0,5.0,0.16223620881
Spital Uster,ZH,856,2019,269.0,,AL,0,0.3142523364485981,0,142.23,72.62,464.64,103.08,976.18,5.0,4.0,0.19911801361
Klinik Hirslanden AG,ZH,839,2019,478.0,,AL,0,0.5697258641239571,0,94.07,24.0,664.4,191.01,1399.58,14.0,3.0,0.6170572092
GZO Spital Wetzikon,ZH,822,2019,261.0,,AL,0,0.3175182481751825,0,109.23,31.6,324.42,60.58,716.9,4.0,4.0,0.15432157459
Spitäler Schaffhausen,SH,813,2019,265.0,,AL,0,0.32595325953259535,0,152.41,57.58,505.58,187.21,1097.52,5.0,2.0,0.17108477336
Clinique des Grangettes SA,GE,803,2019,323.0,,RO,0,0.40224159402241594,0,3.51,0.0,243.26,44.09,470.66,0.0,0.0,0.90566635011
Asana Spital Leuggern AG,AG,773,2019,226.0,,AL,0,0.2923673997412678,0,19.01,7.96,98.22,29.4,207.33,2.0,3.0,0.11314777099
Hirslanden Klinik St. Anna AG,LU,757,2019,275.0,,AL,0,0.3632760898282695,0,71.22,19.22,453.93,140.4,969.59,10.0,3.0,0.46920541926
Hirslanden Klinik Linde AG,BE,749,2019,261.0,,AL,0,0.3484646194926569,0,10.36,0.0,174.01,54.84,374.04,7.0,2.0,0.30572755418
Regionalspital Emmental AG,BE,719,2019,192.0,,AL,0,0.2670375521557719,0,160.64,78.93,394.36,144.62,956.12,7.0,3.0,0.086394869446
See-Spital,ZH,718,2019,265.0,,AL,0,0.36908077994428967,0,96.58,36.9,303.72,96.63,728.18,8.0,3.0,0.25242718447
Hirslanden Klinik Stephanshorn,SG,704,2019,318.0,,AL,0,0.45170454545454547,0,33.6,5.08,221.95,55.13,442.57,7.0,4.0,0.25152024842
Swiss Medical Network Hospitals SA Clinica Sant'Anna,TI,704,2019,271.0,,RO,0,0.3849431818181818,0,,,,,,,,
Hirslanden Klinik Aarau,AG,696,2019,304.0,,AL,0,0.4367816091954023,0,14.12,7.21,354.49,90.53,600.63,7.0,2.0,0.40475962917
Clinique Générale-Beaulieu,GE,688,2019,234.0,,RO,0,0.34011627906976744,0,1.0,0.0,191.63,27.25,353.03,9.0,4.0,0.99644268775
SRO AG,BE,673,2019,209.0,,AL,0,0.31054977711738485,0,128.96,50.82,304.71,113.09,781.38,6.0,4.0,0.11352069042
Spital Wallis - Spitalzentrum Oberwallis (SZO),VS,671,2019,196.0,,RO,0,0.29210134128166915,0,155.65,66.7,435.35,85.38,950.03,7.0,3.0,0.07105144064
Hôpital du Jura,JU,631,2019,139.0,,RO,0,0.2202852614896989,0,130.01,47.43,613.38,169.77,1298.92,5.0,3.0,0.075043274616
Spitalregion Fürstenland Toggenburg,SG,614,2019,178.0,,AL,0,0.2899022801302932,0,95.89,47.55,257.32,120.34,642.54,4.0,4.0,0.13278843876
Hôpital Intercantonal de la Broye (HIB),VD,582,2019,122.0,,RO,0,0.20962199312714777,0,95.97,51.59,277.98,71.74,646.19,4.0,3.0,0.057500803084
Spital Männedorf AG,ZH,576,2019,160.0,,AL,0,0.2777777777777778,0,97.65,37.44,324.57,95.62,748.7,5.0,2.0,0.27298254181
Stiftung Spital Muri,AG,572,2019,145.0,,AL,0,0.2534965034965035,0,91.83,42.02,273.26,99.35,624.98,5.0,2.0,0.1650727106
Spital Nidwalden AG,NW,571,2019,173.0,,AL,0,0.30297723292469353,0,,,,,,,,
Spitäler Frutigen Meiringen Interlaken AG,BE,571,2019,187.0,,AL,0,0.3274956217162872,0,119.27,56.34,307.24,188.69,879.39,7.0,4.0,0.12683025346
Groupement Hospitalier de l'Ouest Lémanique (GHOL) SA,VD,540,2019,140.0,,RO,0,0.25925925925925924,0,114.07,62.26,290.38,47.81,604.74,5.0,2.0,0.17764825139
Kantonsspital Baselland,BL,493,2019,120.0,,AL,0,0.2434077079107505,0,415.4,192.91,1079.68,461.02,2779.09,18.0,3.0,0.20282208589
GSMN Schweiz AG Privatklinik Bethanien,ZH,486,2019,265.0,,AL,0,0.5452674897119342,0,,,,,,,,
Spital Lachen,SZ,483,2019,158.0,,AL,0,0.32712215320910976,0,83.65,32.48,206.19,78.29,524.17,4.0,2.0,0.20037836986
Klinik Im Park,ZH,474,2019,247.0,,AL,0,0.5210970464135021,0,28.31,2.03,221.13,67.89,494.17,8.0,2.0,0.86093801246
Hôpital de la Tour,GE,474,2019,175.0,,RO,0,0.3691983122362869,0,22.09,13.94,329.75,103.87,747.09,8.0,4.0,0.91263991264
Gesundheitszentrum Fricktal,AG,457,2019,165.0,,AL,0,0.3610503282275711,0,96.77,28.91,275.37,91.57,635.59,6.0,2.0,0.24540727903
Hirslanden Lausanne SA,VD,430,2019,200.0,,RO,0,0.46511627906976744,0,8.84,0.0,312.85,109.04,670.39,12.0,2.0,0.61479438916
Spital Schwyz,SZ,421,2019,95.0,,AL,0,0.22565320665083136,0,59.72,24.18,248.59,39.01,478.93,4.0,2.0,0.2081570997
Andreas Klinik,ZG,418,2019,236.0,,AL,0,0.5645933014354066,0,8.4,1.0,112.4,23.7,236.12,4.0,3.0,0.3486554815
Insel Gruppe AG (nicht-universitär),BE,406,2019,179.0,,AL,0,0.4408866995073892,0,213.47,96.78,591.36,216.02,1272.75,12.0,3.0,0.14314689613
Paracelsus-Spital Richterswil AG,ZH,404,2019,94.0,,AL,0,0.23267326732673269,0,26.52,5.8,63.36,15.71,163.65,3.0,2.0,0.16023268112
Spital Linth,SG,381,2019,74.0,,AL,0,0.1942257217847769,0,70.21,25.11,157.42,53.7,401.46,4.0,3.0,0.12662337662
Hôpital du Jura bernois SA,BE,357,2019,94.0,,AL,0,0.26330532212885155,0,121.73,54.24,272.96,82.23,663.91,4.0,2.0,0.079990616936
Kantonsspital Glarus,GL,344,2019,120.0,,AL,0,0.3488372093023256,0,69.64,8.37,174.11,77.07,480.32,4.0,2.0,0.13407821229
Clinique de La Source,VD,325,2019,135.0,,RO,0,0.4153846153846154,0,0.0,0.0,218.91,68.53,487.82,7.0,1.0,0.78873835732
Kantonsspital Uri,UR,280,2019,61.0,,AL,0,0.21785714285714286,0,52.08,20.38,187.61,62.81,429.02,3.0,2.0,0.25533536585
Kantonsspital Obwalden,OW,276,2019,53.0,,AL,0,0.19202898550724637,0,46.76,18.88,125.21,65.69,363.51,3.0,2.0,0.14076414823
Spital Affoltern AG,ZH,262,2019,75.0,,AL,0,0.2862595419847328,0,,,,,,,,
AMEOS Spital Einsiedeln AG,SZ,249,2019,74.0,,AL,0,0.2971887550200803,0,,,,,,,,
Clinica Luganese Moncucco SA Clinica Santa Chiara SA,TI,229,2019,79.0,,RO,0,0.34497816593886466,0,,,,,,,,
Flury Stiftung Spital Schiers,GR,174,2019,72.0,,AL,0,0.41379310344827586,0,26.69,9.83,76.19,28.83,180.21,3.0,2.0,0.12124756335
Spital Oberengadin,GR,160,2019,37.0,,AL,0,0.23125,0,45.52,18.28,90.11,26.36,275.68,3.0,2.0,0.26462585034
Spital Thusis,GR,145,2019,33.0,,AL,0,0.22758620689655173,0,21.29,8.04,77.67,25.68,174.62,2.0,2.0,0.12353304509
Regionalspital Surselva AG,GR,145,2019,43.0,,AL,0,0.296551724137931,0,25.21,10.66,76.18,32.31,189.34,2.0,2.0,0.15421881308
Spital Davos AG Akutabteilung,GR,109,2019,42.0,,AL,0,0.3853211009174312,0,31.26,11.19,76.57,40.39,238.42,3.0,2.0,0.2666015625
Center da Sanda Engiadina Bassa Ospidal d'Engiadina Bassa,GR,39,2019,14.0,,AL,0,0.358974358974359,0,21.38,6.1,31.34,23.34,123.96,2.0,1.0,0.23255813953
Centro Sanitario Valposchiavo Ospedale San Sisto,GR,27,2019,12.0,,AL,0,0.4444444444444444,0,4.06,0.0,15.57,9.77,43.1,1.0,1.0,0.08623853211
Les Hôpitaux Universitaires de Genève HUG,GE,3914,2020,981.0,21.0,RO,1,0.2506387327542156,0,2034.89,1060.35,5020.78,1177.05,11833.03,42.0,11.0,0.095876307613
LUKS Spitalbetriebe AG,LU,3204,2020,1228.0,,AL,0,0.383270911360799,0,,,,,,,,
CHUV Centre Hospitalier Universitaire Vaudois,VD,3060,2020,774.0,41.0,RO,1,0.2529411764705882,0,1847.28,965.6,3468.02,1797.16,10411.82,26.0,6.0,0.077339554538
Universitätsspital Zürich,ZH,2582,2020,1222.0,97.0,AL,1,0.47327652982184354,0,1468.23,752.0,2648.76,1120.9,7574.72,34.0,8.0,0.19362807518
Universitätsspital Basel,BS,2517,2020,928.0,63.0,AL,1,0.3686928883591577,0,1025.43,483.08,1820.78,876.16,5392.25,30.0,8.0,0.20571647593
Spital Zollikerberg,ZH,2322,2020,947.0,,AL,0,0.4078380706287683,0,138.09,62.62,381.47,72.77,824.14,7.0,6.0,0.25353397173
Spital Thurgau AG Kantonsspitäler Frauenfeld & Münsterlingen,TG,2311,2020,605.0,,AL,0,0.2617914322803981,0,428.98,191.79,1134.03,275.24,2326.26,18.0,9.0,0.15364409915
Stadtspital Triemli,ZH,2239,2020,833.0,,AL,0,0.3720410897722197,0,451.4,217.22,913.13,289.21,2504.8,12.0,7.0,0.17396151623
Kantonsspital Aarau AG,AG,2148,2020,659.0,,AL,0,0.30679702048417135,0,665.14,302.06,1416.3,509.1,3647.73,19.0,5.0,0.17548596112
Kantonsspital St. Gallen,SG,1988,2020,680.0,12.0,AL,0,0.3420523138832998,0,877.82,369.35,1822.52,538.94,4864.07,20.0,6.0,0.198986022
Bethesda Spital AG,BS,1873,2020,646.0,,AL,0,0.3449012279765083,0,55.43,17.23,221.95,95.89,527.21,6.0,5.0,0.21216290589
Insel Gruppe AG (universitär),BE,1839,2020,813.0,59.0,AL,1,0.44208809135399674,0,1478.55,665.94,2926.15,1090.13,7801.03,37.0,5.0,0.15052734587
Lindenhofgruppe AG,BE,1819,2020,674.0,,AL,0,0.37053326003298515,0,102.04,48.37,883.45,191.21,1748.57,20.0,6.0,0.24303510759
Hôpital Riviera-Chablais Vaud-Valais,VD,1777,2020,452.0,,RO,0,0.2543612830613393,0,281.99,128.33,766.9,140.14,1703.13,10.0,6.0,0.057108419905
Kantonsspital Winterthur,ZH,1683,2020,565.0,,AL,0,0.33571004159239454,0,506.19,173.66,1328.01,343.03,2926.63,15.0,6.0,0.21153846154
Hôpital du Valais Centre hospitalier du Valais Romand CHVR,VS,1624,2020,403.0,1.0,RO,0,0.2481527093596059,0,,,,,,,,
Kantonsspital Baden AG,AG,1608,2020,492.0,,AL,0,0.30597014925373134,0,395.39,189.45,868.87,285.03,2241.15,10.0,5.0,0.20464863798
Solothurner Spitäler AG,SO,1593,2020,478.0,,AL,0,0.30006277463904585,0,513.74,220.83,1265.02,372.81,2999.6,23.0,10.0,0.15612508059
Hôpital Jules Daler,FR,1496,2020,423.0,,RO,0,0.2827540106951872,0,0.0,0.0,145.38,12.01,230.69,5.0,4.0,0.11536079282
EHC Ensemble hospitalier de la Côte,VD,1459,2020,386.0,,RO,0,0.26456477039067855,0,158.93,106.65,541.08,82.35,1124.84,7.0,4.0,0.10581425045
EOC Ente ospedaliero cantonale,TI,1410,2020,414.0,,RO,0,0.2936170212765957,0,740.92,269.31,1811.87,536.88,4634.55,24.0,9.0,0.17288768712
Spital Bülach AG,ZH,1344,2020,435.0,,AL,0,0.3236607142857143,0,143.42,54.04,413.14,101.18,887.67,5.0,4.0,0.16551927616
Réseau hospitalier neuchâtelois RHNe,NE,1329,2020,364.0,,RO,0,0.27389014296463504,0,324.24,147.54,953.89,270.48,2281.45,9.0,5.0,0.080934661267
Hirslanden Bern AG,BE,1201,2020,432.0,,AL,0,0.3597002497918401,0,71.17,40.0,527.5,151.37,1120.18,16.0,4.0,0.24827827711
Kantonsspital Graubünden,GR,1164,2020,392.0,,AL,0,0.33676975945017185,0,339.62,128.81,706.3,292.62,1903.01,12.0,5.0,0.19692641682
Spital STS AG,BE,1100,2020,297.0,,AL,0,0.27,0,232.4,99.02,639.53,203.98,1506.99,8.0,4.0,0.1263022508
Spitalverbund Appenzell Ausserrhoden,AR,1063,2020,241.0,,AL,0,0.22671683913452492,0,,,,,,,,
Spital Limmattal,ZH,1057,2020,358.0,,AL,0,0.3386944181646168,0,183.46,87.05,360.47,156.2,1034.7,8.0,5.0,0.17604957668
Zuger Kantonsspital AG,ZG,983,2020,298.0,,AL,0,0.3031536113936928,0,146.65,57.29,363.57,123.23,828.65,5.0,3.0,0.24266033254
HFR - Hôpital fribourgeois,FR,954,2020,270.0,,RO,0,0.2830188679245283,0,535.15,0.0,1212.54,289.41,2788.49,15.0,4.0,0.091785968119
Spitalregion Rheintal Werdenberg Sarganserland,SG,922,2020,223.0,,AL,0,0.2418655097613883,0,195.36,97.07,516.13,145.9,1204.39,9.0,4.0,0.20094981571
Etablissements Hospitaliers du Nord Vaudois (eHnv),VD,912,2020,270.0,,RO,0,0.29605263157894735,0,176.63,90.2,643.69,107.72,1340.12,9.0,3.0,0.045801526718
Clinique des Grangettes SA,GE,887,2020,368.0,,RO,0,0.41488162344983087,0,5.33,0.0,273.72,47.19,515.41,4.0,4.0,0.82922201139
Klinik Hirslanden AG,ZH,887,2020,507.0,,AL,0,0.5715896279594137,0,96.57,28.97,711.36,197.89,1465.26,14.0,3.0,0.58991027776
Spitalzentrum Biel AG,BE,847,2020,194.0,,AL,0,0.22904368358913813,0,235.05,95.01,512.79,139.58,1283.22,8.0,5.0,0.15442325727
Spitäler Schaffhausen,SH,801,2020,288.0,,AL,0,0.3595505617977528,0,153.86,57.35,533.21,195.24,1133.91,5.0,2.0,0.16486816177
GZO Spital Wetzikon,ZH,795,2020,248.0,,AL,0,0.3119496855345912,0,117.13,50.85,319.47,55.82,712.21,4.0,4.0,0.15008516181
Spital Uster,ZH,781,2020,216.0,,AL,0,0.2765685019206146,0,146.59,67.07,468.94,101.02,995.23,5.0,4.0,0.19440731983
Hirslanden Klinik St. Anna AG,LU,770,2020,285.0,,AL,0,0.37012987012987014,0,83.46,25.27,494.17,149.91,1038.49,13.0,3.0,0.43842735043
Hirslanden Klinik Linde AG,BE,758,2020,258.0,,AL,0,0.3403693931398417,0,13.78,0.0,169.21,53.79,372.53,7.0,2.0,0.2930408472
Swiss Medical Network Hospitals SA Clinica Sant'Anna,TI,747,2020,285.0,,RO,0,0.3815261044176707,0,,,,,,,,
Hirslanden Klinik Aarau,AG,740,2020,322.0,,AL,0,0.43513513513513513,0,18.08,7.93,362.6,95.32,619.71,7.0,2.0,0.37961969771
Asana Spital Leuggern AG,AG,718,2020,202.0,,AL,0,0.28133704735376047,0,21.62,8.8,99.74,31.28,213.07,2.0,3.0,0.10587054691
Hirslanden Klinik Stephanshorn,SG,709,2020,331.0,,AL,0,0.46685472496473907,0,32.53,4.96,228.17,56.8,456.01,7.0,4.0,0.2603099917
Spital Wallis - Spitalzentrum Oberwallis (SZO),VS,709,2020,218.0,,RO,0,0.307475317348378,0,159.44,66.48,436.83,88.86,964.2,7.0,3.0,0.07137077197
Regionalspital Emmental AG,BE,691,2020,183.0,,AL,0,0.26483357452966716,0,168.2,77.96,417.3,152.54,1007.24,7.0,3.0,0.09415253452
See-Spital,ZH,686,2020,271.0,,AL,0,0.39504373177842567,0,98.1,37.65,293.31,97.51,721.66,8.0,3.0,0.24167708215
Clinique Générale-Beaulieu,GE,677,2020,225.0,,RO,0,0.33234859675036926,0,1.0,0.0,197.74,29.22,354.78,9.0,4.0,0.89127490811
SRO AG,BE,656,2020,196.0,,AL,0,0.29878048780487804,0,135.48,56.5,312.79,113.98,808.19,6.0,4.0,0.1085931209
Hôpital du Jura,JU,636,2020,146.0,,RO,0,0.22955974842767296,0,146.09,70.22,649.47,176.43,1379.09,5.0,3.0,0.076836791924
Stiftung Spital Muri,AG,633,2020,209.0,,AL,0,0.330173775671406,0,94.17,29.91,268.89,96.08,627.74,5.0,2.0,0.16413207289
Spital Nidwalden AG,NW,604,2020,204.0,,AL,0,0.33774834437086093,0,,,,,,,,
Hôpital Intercantonal de la Broye (HIB),VD,595,2020,133.0,,RO,0,0.2235294117647059,0,105.31,55.46,293.3,74.78,679.47,4.0,3.0,0.058008658009
Kantonsspital Baselland,BL,569,2020,162.0,,AL,0,0.28471001757469244,0,371.68,173.09,1022.05,444.41,2575.87,18.0,4.0,0.19191590307
Spitalregion Fürstenland Toggenburg,SG,557,2020,173.0,,AL,0,0.3105924596050269,0,94.22,50.06,261.55,122.21,640.9,3.0,4.0,0.12979744136
Spital Männedorf AG,ZH,553,2020,147.0,,AL,0,0.26582278481012656,0,105.5,37.92,329.18,97.76,774.16,5.0,2.0,0.28643852978
Spitäler Frutigen Meiringen Interlaken AG,BE,553,2020,186.0,,AL,0,0.33634719710669075,0,118.42,55.09,302.75,186.74,870.52,7.0,4.0,0.12656496581
Groupement Hospitalier de l'Ouest Lémanique (GHOL) SA,VD,523,2020,162.0,,RO,0,0.30975143403441685,0,118.8,64.39,302.94,50.3,641.05,5.0,2.0,0.19341947516
GSMN Schweiz AG Privatklinik Bethanien,ZH,501,2020,282.0,,AL,0,0.562874251497006,0,,,,,,,,
Hôpital de la Tour,GE,490,2020,169.0,,RO,0,0.3448979591836735,0,44.36,33.26,413.16,127.96,921.81,8.0,4.0,0.77837232454
Andreas Klinik,ZG,485,2020,268.0,,AL,0,0.5525773195876289,0,9.27,1.18,114.57,24.28,246.08,4.0,3.0,0.31024368231
Spital Lachen,SZ,484,2020,166.0,,AL,0,0.34297520661157027,0,85.98,30.96,187.9,79.67,516.78,4.0,2.0,0.1991647928
Klinik Im Park,ZH,475,2020,233.0,,AL,0,0.4905263157894737,0,28.01,1.62,220.5,67.71,483.87,8.0,2.0,0.85579385403
Hirslanden Lausanne SA,VD,464,2020,195.0,,RO,0,0.4202586206896552,0,8.84,0.0,308.26,108.91,664.13,11.0,2.0,0.60656142082
Spital Schwyz,SZ,453,2020,109.0,,AL,0,0.24061810154525387,0,56.98,23.17,250.59,41.02,485.82,4.0,2.0,0.19957601454
Gesundheitszentrum Fricktal,AG,432,2020,163.0,,AL,0,0.3773148148148148,0,103.53,38.96,291.21,97.2,667.76,6.0,2.0,0.22672317088
Spital Linth,SG,409,2020,130.0,,AL,0,0.31784841075794623,0,68.46,27.3,162.15,57.98,412.2,4.0,3.0,0.12350904194
Insel Gruppe AG (nicht-universitär),BE,405,2020,176.0,,AL,0,0.4345679012345679,0,211.86,104.55,585.58,229.19,1326.37,12.0,3.0,0.14212388153
Hôpital du Jura bernois SA,BE,393,2020,95.0,,AL,0,0.24173027989821882,0,122.33,56.9,266.49,84.36,652.61,2.0,2.0,0.073996265173
Paracelsus-Spital Richterswil AG,ZH,355,2020,99.0,,AL,0,0.27887323943661974,0,16.51,0.0,52.64,16.02,119.27,3.0,2.0,0.12609575185
Clinica Luganese Moncucco SA Clinica Santa Chiara SA,TI,339,2020,129.0,,RO,0,0.3805309734513274,0,,,,,,,,
Clinique de La Source,VD,332,2020,134.0,,RO,0,0.4036144578313253,0,0.0,0.0,232.23,67.81,500.56,7.0,1.0,0.77109495484
Kantonsspital Glarus,GL,314,2020,94.0,,AL,0,0.29936305732484075,0,74.03,35.81,185.73,82.65,504.88,4.0,2.0,0.13954012624
Kantonsspital Obwalden,OW,308,2020,70.0,,AL,0,0.22727272727272727,0,47.24,18.66,122.93,62.97,358.66,3.0,2.0,0.16249640495
Kantonsspital Uri,UR,269,2020,68.0,,AL,0,0.2527881040892193,0,50.78,19.26,187.88,68.13,438.16,3.0,2.0,0.25095057034
AMEOS Spital Einsiedeln AG,SZ,251,2020,85.0,,AL,0,0.3386454183266932,0,20.81,8.47,103.09,49.18,259.8,3.0,2.0,0.18632855568
Flury Stiftung Spital Schiers,GR,185,2020,64.0,,AL,0,0.34594594594594597,0,27.43,10.67,75.31,27.17,178.6,3.0,2.0,0.12681912682
Spital Thusis,GR,165,2020,30.0,,AL,0,0.18181818181818182,0,23.39,8.07,61.01,33.16,157.98,2.0,2.0,0.12815884477
Spital Oberengadin,GR,142,2020,43.0,,AL,0,0.3028169014084507,0,45.78,18.33,86.95,26.06,275.23,3.0,2.0,0.28266666667
Regionalspital Surselva AG,GR,139,2020,28.0,,AL,0,0.2014388489208633,0,25.56,11.13,80.22,33.01,198.21,2.0,2.0,0.16084210526
Spital Davos AG Akutabteilung,GR,97,2020,36.0,,AL,0,0.3711340206185567,0,30.54,10.67,70.81,40.5,227.82,2.0,2.0,0.28388473853
Center da Sanda Engiadina Bassa Ospidal d'Engiadina Bassa,GR,50,2020,16.0,,AL,0,0.32,0,22.96,7.02,33.03,24.86,136.14,2.0,1.0,0.20493642483
Centro Sanitario Valposchiavo Ospedale San Sisto,GR,19,2020,10.0,,AL,0,0.5263157894736842,0,3.73,0.0,15.7,10.19,44.17,1.0,1.0,0.1
Les Hôpitaux Universitaires de Genève HUG,GE,4049,2021,1054.0,68.0,RO,1,0.2603111879476414,0,2069.22,1064.15,5096.18,1218.45,12101.94,41.0,11.0,0.10506715401
LUKS Spitalbetriebe AG,LU,3255,2021,1167.0,,AL,0,0.3585253456221198,0,1004.99,397.63,2384.86,722.52,5623.33,46.0,10.0,0.19007563441
CHUV Centre Hospitalier Universitaire Vaudois,VD,3060,2021,741.0,62.0,RO,1,0.24215686274509804,0,1918.0,995.27,3515.57,1882.29,10803.24,26.0,6.0,0.070557744143
Universitätsspital Basel,BS,2663,2021,987.0,78.0,AL,1,0.3706346226060834,0,1016.14,464.76,1862.82,850.7,5469.64,30.0,8.0,0.20622175088
Universitätsspital Zürich,ZH,2643,2021,1253.0,81.0,AL,1,0.47408248202799846,0,1493.21,775.06,2675.68,1117.67,7657.61,34.0,8.0,0.19145482695
Spital Zollikerberg,ZH,2431,2021,987.0,,AL,0,0.4060057589469354,0,150.03,61.02,401.5,66.42,876.29,7.0,6.0,0.24121980469
Spital Thurgau AG Kantonsspitäler Frauenfeld & Münsterlingen,TG,2430,2021,640.0,,AL,0,0.26337448559670784,0,430.88,182.37,1145.34,287.03,2352.49,18.0,11.0,0.1490218038
Stadtspital Triemli,ZH,2336,2021,869.0,,AL,0,0.3720034246575342,0,469.33,216.73,1007.6,303.53,2695.39,12.0,7.0,0.17506725748
Kantonsspital Aarau AG,AG,2313,2021,726.0,,AL,0,0.3138780804150454,0,697.09,320.54,1475.48,520.32,3775.4,19.0,5.0,0.17113290862
Insel Gruppe AG (universitär),BE,2141,2021,965.0,50.0,AL,1,0.4507239607659972,0,1492.96,684.9,2925.16,1113.81,7885.94,37.0,5.0,0.14637016354
Kantonsspital St. Gallen,SG,2040,2021,706.0,23.0,AL,0,0.346078431372549,0,882.35,373.4,1761.59,636.32,4939.79,20.0,6.0,0.1977885157
Bethesda Spital AG,BS,1985,2021,671.0,,AL,0,0.3380352644836272,0,58.54,15.71,220.78,96.31,523.8,6.0,5.0,0.19151687573
Hôpital Riviera-Chablais Vaud-Valais,VD,1971,2021,465.0,,RO,0,0.2359208523592085,0,275.07,132.99,736.79,135.5,1656.14,10.0,6.0,0.062149823615
Kantonsspital Winterthur,ZH,1813,2021,581.0,,AL,0,0.3204633204633205,0,522.49,177.99,1345.22,363.1,3028.76,15.0,6.0,0.20444851775
Kantonsspital Baden AG,AG,1808,2021,596.0,,AL,0,0.32964601769911506,0,346.92,153.53,936.47,393.7,2342.09,10.0,5.0,0.21269477544
Lindenhofgruppe AG,BE,1774,2021,655.0,,AL,0,0.3692220969560316,0,102.9,49.36,900.82,186.88,1776.07,20.0,6.0,0.23575943518
Solothurner Spitäler AG,SO,1689,2021,565.0,,AL,0,0.3345174659561871,0,508.44,213.16,1200.26,383.33,2985.29,20.0,7.0,0.15749059123
Hôpital du Valais Centre hospitalier du Valais Romand CHVR,VS,1644,2021,401.0,,RO,0,0.24391727493917276,0,,,,,,,,
EHC Ensemble hospitalier de la Côte,VD,1618,2021,426.0,,RO,0,0.26328800988875156,0,168.67,111.97,552.08,90.95,1148.39,7.0,4.0,0.094705613875
Hôpital Jules Daler,FR,1609,2021,445.0,,RO,0,0.27656929770043504,0,0.0,0.0,148.33,14.57,231.57,6.0,6.0,0.11050698016
EOC Ente ospedaliero cantonale,TI,1431,2021,423.0,,RO,0,0.29559748427672955,0,845.62,291.97,1988.29,603.03,5115.78,27.0,9.0,0.18053582302
Spital Bülach AG,ZH,1394,2021,464.0,,AL,0,0.3328550932568149,0,143.23,57.3,401.75,108.02,883.87,5.0,4.0,0.15977642864
Réseau hospitalier neuchâtelois RHNe,NE,1368,2021,404.0,,RO,0,0.2953216374269006,0,351.93,159.32,1006.24,292.63,2422.63,9.0,5.0,0.077361440315
Hirslanden Bern AG,BE,1247,2021,498.0,,AL,0,0.3993584603047314,0,67.73,40.12,529.34,157.58,1134.2,16.0,4.0,0.23965813995
Kantonsspital Graubünden,GR,1245,2021,453.0,,AL,0,0.363855421686747,0,355.95,134.75,764.67,278.79,2003.24,14.0,5.0,0.18671830028
Spital STS AG,BE,1159,2021,347.0,,AL,0,0.2993960310612597,0,245.52,105.79,668.0,218.09,1608.04,8.0,4.0,0.119451267
HFR - Hôpital fribourgeois,FR,1089,2021,305.0,,RO,0,0.2800734618916437,0,563.42,270.82,1272.74,305.58,2889.83,13.0,4.0,0.091079636057
Spitalregion Rheintal Werdenberg Sarganserland,SG,1083,2021,273.0,,AL,0,0.2520775623268698,0,204.77,102.24,513.22,105.21,1189.81,9.0,4.0,0.18695418514
Klinik Hirslanden AG,ZH,1081,2021,604.0,,AL,0,0.5587419056429233,0,102.88,34.48,763.09,195.59,1533.15,14.0,3.0,0.57290382244
Zuger Kantonsspital AG,ZG,1020,2021,348.0,,AL,0,0.3411764705882353,0,158.76,62.85,406.69,139.14,941.19,5.0,3.0,0.23155216285
Spital Limmattal,ZH,1019,2021,329.0,,AL,0,0.3228655544651619,0,192.0,95.38,361.54,159.37,1054.82,8.0,5.0,0.17812269032
Spitalverbund Appenzell Ausserrhoden,AR,973,2021,248.0,,AL,0,0.25488180883864336,0,99.03,39.68,247.11,103.94,624.09,5.0,8.0,0.13675582399
Spitalzentrum Biel AG,BE,966,2021,243.0,,AL,0,0.2515527950310559,0,247.07,100.57,536.61,144.48,1358.95,8.0,5.0,0.14473590673
Etablissements Hospitaliers du Nord Vaudois (eHnv),VD,925,2021,298.0,,RO,0,0.32216216216216215,0,177.48,91.12,610.23,112.45,1304.31,9.0,3.0,0.040181464679
GZO Spital Wetzikon,ZH,869,2021,287.0,,AL,0,0.3302646720368239,0,118.04,49.65,303.74,59.49,709.06,4.0,4.0,0.1650004949
Spital Uster,ZH,864,2021,270.0,,AL,0,0.3125,0,164.26,74.33,448.18,99.87,993.38,5.0,4.0,0.18270571827
Hirslanden Klinik St. Anna AG,LU,855,2021,281.0,,AL,0,0.3286549707602339,0,82.12,26.69,480.96,151.92,1036.96,13.0,3.0,0.43545878694
See-Spital,ZH,844,2021,323.0,,AL,0,0.38270142180094785,0,102.69,37.27,291.59,101.4,730.15,8.0,3.0,0.22978150564
Spitäler Schaffhausen,SH,813,2021,294.0,,AL,0,0.36162361623616235,0,126.34,41.96,516.98,176.97,1039.54,5.0,2.0,0.16191890947
Swiss Medical Network Hospitals SA Clinica Sant'Anna,TI,807,2021,296.0,,RO,0,0.3667905824039653,0,,,,,,,,
Hirslanden Klinik Stephanshorn,SG,806,2021,401.0,,AL,0,0.4975186104218362,0,37.21,6.56,237.01,57.22,477.84,7.0,4.0,0.24768518519
Hirslanden Klinik Aarau,AG,806,2021,350.0,,AL,0,0.43424317617866004,0,17.31,8.42,379.35,95.59,639.46,7.0,2.0,0.36503809951
Regionalspital Emmental AG,BE,798,2021,212.0,,AL,0,0.2656641604010025,0,172.98,78.58,431.26,155.48,1059.31,7.0,3.0,0.083273957962
Clinique des Grangettes SA,GE,784,2021,297.0,,RO,0,0.3788265306122449,0,5.17,0.0,307.99,47.05,556.31,6.0,4.0,0.8634595996
Asana Spital Leuggern AG,AG,769,2021,200.0,,AL,0,0.26007802340702213,0,23.54,9.03,111.14,32.38,236.55,2.0,3.0,0.10762876579
Hirslanden Klinik Linde AG,BE,756,2021,292.0,,AL,0,0.3862433862433862,0,10.72,2.34,168.61,58.59,391.14,7.0,2.0,0.27873563218
Clinique Générale-Beaulieu,GE,722,2021,258.0,,RO,0,0.3573407202216066,0,2.0,0.0,202.62,30.82,350.91,9.0,4.0,0.90668394742
Spital Wallis - Spitalzentrum Oberwallis (SZO),VS,715,2021,246.0,,RO,0,0.34405594405594403,0,165.01,64.22,434.85,101.56,985.77,6.0,3.0,0.065234314183
Stiftung Spital Muri,AG,677,2021,227.0,,AL,0,0.3353028064992615,0,95.04,43.19,271.76,99.01,643.0,6.0,3.0,0.16117804552
SRO AG,BE,659,2021,213.0,,AL,0,0.3232169954476479,0,143.0,56.41,329.81,118.83,847.86,6.0,4.0,0.10522178551
Spital Nidwalden AG,NW,647,2021,203.0,,AL,0,0.31375579598145287,0,72.16,27.98,149.64,118.66,462.67,4.0,3.0,0.22338602171
Groupement Hospitalier de l'Ouest Lémanique (GHOL) SA,VD,646,2021,197.0,,RO,0,0.30495356037151705,0,123.88,57.33,300.8,52.35,650.02,5.0,3.0,0.17670970827
Hôpital Intercantonal de la Broye (HIB),VD,635,2021,155.0,,RO,0,0.2440944881889764,0,109.12,50.79,276.62,73.95,662.27,4.0,3.0,0.048710142605
Hôpital du Jura,JU,627,2021,148.0,,RO,0,0.23604465709728867,0,143.33,65.9,621.69,168.19,1329.79,6.0,3.0,0.073680956307
Spitäler Frutigen Meiringen Interlaken AG,BE,612,2021,224.0,,AL,0,0.3660130718954248,0,119.91,57.71,313.87,192.58,893.2,7.0,4.0,0.12087026591
Spital Männedorf AG,ZH,577,2021,158.0,,AL,0,0.2738301559792028,0,107.8,37.87,330.55,97.54,775.0,5.0,2.0,0.26271083606
Kantonsspital Baselland,BL,555,2021,184.0,,AL,0,0.33153153153153153,0,378.03,174.53,1021.7,449.35,2552.37,18.0,4.0,0.19689769569
Spital Lachen,SZ,544,2021,189.0,,AL,0,0.3474264705882353,0,94.19,33.1,198.35,81.79,545.51,4.0,2.0,0.20124241549
Spitalregion Fürstenland Toggenburg,SG,540,2021,173.0,,AL,0,0.32037037037037036,0,94.67,48.12,257.99,72.93,585.73,3.0,4.0,0.13388220393
Klinik Im Park,ZH,529,2021,290.0,,AL,0,0.5482041587901701,0,30.77,4.09,225.77,64.98,491.39,8.0,2.0,0.83554922444
Hôpital de la Tour,GE,522,2021,169.0,,RO,0,0.32375478927203066,0,43.51,32.41,409.47,127.34,913.95,8.0,4.0,0.83315025021
Andreas Klinik,ZG,509,2021,286.0,,AL,0,0.5618860510805501,0,10.51,1.49,124.71,26.82,264.92,4.0,3.0,0.3223015358
GSMN Schweiz AG Privatklinik Bethanien,ZH,509,2021,286.0,,AL,0,0.5618860510805501,0,,,,,,,,
Gesundheitszentrum Fricktal,AG,479,2021,182.0,,AL,0,0.37995824634655534,0,112.92,36.88,287.95,103.75,686.34,6.0,2.0,0.22721119134
Spital Linth,SG,446,2021,113.0,,AL,0,0.2533632286995516,0,70.11,29.05,164.45,54.29,420.08,4.0,3.0,0.13011020263
Spital Schwyz,SZ,445,2021,129.0,,AL,0,0.2898876404494382,0,58.24,18.13,246.02,42.05,493.02,4.0,2.0,0.19780051932
Hirslanden Lausanne SA,VD,409,2021,181.0,,RO,0,0.44254278728606355,0,10.33,0.0,315.44,116.17,696.65,11.0,2.0,0.56383600047
Hôpital du Jura bernois SA,BE,401,2021,122.0,,AL,0,0.30423940149625933,0,104.78,48.15,256.21,88.71,638.49,2.0,2.0,0.078518173346
Clinique de La Source,VD,379,2021,146.0,,RO,0,0.38522427440633245,0,0.0,0.0,231.42,74.1,513.0,7.0,1.0,0.77427131273
Kantonsspital Uri,UR,338,2021,96.0,,AL,0,0.28402366863905326,0,51.25,21.26,188.93,68.89,459.65,3.0,2.0,0.23208802456
AMEOS Spital Einsiedeln AG,SZ,332,2021,116.0,,AL,0,0.3493975903614458,0,20.52,8.17,91.79,47.47,242.89,3.0,2.0,0.17197617198
Kantonsspital Glarus,GL,331,2021,96.0,,AL,0,0.29003021148036257,0,90.23,39.99,195.86,85.94,536.87,4.0,2.0,0.12973443622
Clinica Luganese Moncucco SA Clinica Santa Chiara SA,TI,304,2021,118.0,,RO,0,0.3881578947368421,0,22.11,9.58,92.37,18.51,219.89,4.0,2.0,0.11790714812
Insel Gruppe AG (nicht-universitär),BE,266,2021,131.0,,AL,0,0.4924812030075188,0,208.48,106.95,587.97,239.86,1324.78,12.0,0.0,0.14401028645
Kantonsspital Obwalden,OW,258,2021,66.0,,AL,0,0.2558139534883721,0,42.91,15.73,128.01,57.91,360.8,3.0,2.0,0.1586169045
Flury Stiftung Spital Schiers,GR,222,2021,71.0,,AL,0,0.31981981981981983,0,29.74,9.22,78.09,26.72,187.85,3.0,2.0,0.12689762554
Spital Oberengadin,GR,174,2021,47.0,,AL,0,0.27011494252873564,0,47.33,19.84,86.93,25.39,274.35,3.0,2.0,0.27728839525
Regionalspital Surselva AG,GR,158,2021,38.0,,AL,0,0.24050632911392406,0,27.05,11.12,79.6,40.21,209.11,2.0,2.0,0.15191341322
Spital Thusis,GR,138,2021,42.0,,AL,0,0.30434782608695654,0,27.77,8.68,68.63,33.66,173.87,2.0,2.0,0.12816091954
Spital Davos AG Akutabteilung,GR,94,2021,31.0,,AL,0,0.32978723404255317,0,30.37,10.2,73.94,39.15,228.65,2.0,2.0,0.2830802603
Center da Sanda Engiadina Bassa Ospidal d'Engiadina Bassa,GR,41,2021,14.0,,AL,0,0.34146341463414637,0,23.03,6.74,33.69,37.2,139.36,2.0,1.0,0.19324712644
